1,car,2
2,car,1
3,car,2
5,car,3
5,person,3
6,car,1
7,car,1
11,car,1
15,car,1
16,car,1
22,car,2
22,person,1
23,car,2
25,car,2
26,car,2
27,car,1
29,person,1
33,car,2
35,car,2
37,truck,1
39,bus,1
40,car,1
41,car,2
42,car,2
44,car,1
45,person,1
46,car,2
47,car,1
48,car,2
50,truck,1
51,car,1
52,car,2
54,car,2
56,car,1
57,car,3
58,car,2
64,car,2
65,car,1
66,car,1
68,car,1
73,car,1
75,car,2
76,car,1
77,car,1
79,car,1
80,car,1
82,car,1
83,car,2
84,car,1
85,car,3
86,car,4
87,car,2
88,car,1
89,car,1
90,car,1
97,car,1
98,car,2
99,car,3
100,car,3
101,car,2
102,car,1
103,car,1
104,car,1
105,car,1
106,car,2
107,car,1
108,car,4
109,car,2
111,car,3
112,car,1
113,car,3
115,car,1
116,car,3
119,car,1
120,car,1
122,car,1
123,car,2
124,car,3
126,car,2
127,car,1
128,car,1
129,car,2
132,car,1
133,car,1
134,car,2
134,person,1
136,car,2
137,car,2
139,car,1
140,car,1
142,car,1
147,car,2
149,car,1
153,car,2
154,car,4
155,car,4
156,car,2
157,car,1
159,car,4
160,truck,1
161,car,1
162,car,2
163,car,1
164,car,1
166,car,1
167,car,1
171,car,1
173,car,1
174,car,1
176,car,1
180,car,1
182,car,2
185,car,1
186,car,1
187,car,1
188,car,1
188,truck,1
190,car,1
191,car,2
192,car,1
194,car,2
201,car,1
203,car,1
205,car,4
206,car,2
207,car,1
208,car,2
210,car,1
212,car,1
213,car,1
214,car,1
215,car,1
216,car,1
217,car,1
218,car,1
219,car,3
220,car,2
221,car,3
222,car,4
224,car,1
225,car,1
227,car,1
228,car,2
230,bus,1
232,car,3
235,car,5
236,car,1
238,car,3
243,car,1
244,car,1
245,car,1
246,car,2
247,car,4
251,car,3
252,car,4
254,car,1
256,car,1
257,car,1
258,car,2
259,car,2
260,car,3
261,car,1
264,car,3
265,car,3
268,car,2
269,car,2
271,car,2
273,car,2
274,car,1
275,car,2
276,car,1
278,car,3
281,car,1
283,car,3
284,car,5
285,car,1
286,car,1
290,car,1
291,car,1
292,car,2
293,car,2
295,car,2
296,car,2
298,car,2
299,car,1
300,car,3
301,car,2
303,car,1
306,car,1
306,person,1
308,car,1
309,car,1
310,person,1
311,car,1
312,car,1
314,car,2
315,car,1
319,car,1
320,car,3
324,car,1
327,car,1
328,car,1
329,car,1
336,car,2
338,car,1
339,truck,1
340,car,1
341,car,1
342,car,1
343,car,3
345,car,1
346,car,1
349,car,5
349,person,1
350,car,5
352,car,1
355,car,1
356,car,2
357,car,1
358,car,1
360,person,2
362,car,3
365,car,1
369,car,1
370,car,1
373,car,1
374,car,2
380,car,2
384,person,1
386,car,2
386,person,1
387,car,4
389,car,1
390,car,1
391,car,2
393,car,2
394,car,1
395,car,1
397,truck,1
398,car,1
401,car,1
404,car,1
405,car,1
406,car,1
407,car,2
408,car,2
408,truck,1
411,car,2
414,car,1
416,car,3
418,car,1
423,car,4
424,car,2
425,car,1
426,car,1
430,car,1
435,car,1
436,car,1
439,car,2
441,car,1
442,car,3
447,bus,1
450,car,1
453,car,3
454,car,1
455,car,2
456,person,1
457,car,1
463,car,2
464,car,4
466,car,1
467,car,1
468,car,1
469,car,3
470,car,2
472,car,1
474,car,1
479,car,3
479,truck,1
481,car,1
482,car,1
484,car,3
485,car,1
487,car,2
489,car,1
491,car,1
491,person,1
492,car,1
496,car,1
499,car,3
499,truck,1
500,car,1
502,car,1
504,car,2
507,truck,1
508,person,1
511,person,1
512,car,1
515,car,1
517,car,1
518,car,1
522,truck,1
523,car,2
528,car,1
530,truck,1
531,car,1
532,car,1
535,car,1
536,car,2
538,car,3
541,car,2
542,car,2
543,car,1
544,car,4
545,car,1
547,car,2
550,truck,1
551,car,1
553,car,1
554,car,3
555,car,2
556,car,3
558,car,1
559,car,2
560,car,3
561,car,1
562,car,1
563,car,1
564,car,2
565,car,3
567,car,1
568,car,3
569,car,3
570,car,1
575,car,2
576,car,1
577,car,2
579,car,1
580,car,1
584,car,1
585,car,1
590,car,1
594,car,1
594,person,1
595,car,1
595,truck,1
597,car,2
599,car,1
600,car,1
602,car,2
604,car,1
608,car,1
609,car,2
610,car,1
611,car,2
612,car,1
613,car,4
614,car,2
616,car,2
617,car,1
621,car,2
623,car,1
627,car,1
630,car,1
631,car,3
632,car,1
633,car,3
635,car,1
636,car,1
638,car,1
640,car,1
643,car,1
643,person,1
644,car,4
645,car,2
649,car,2
650,car,2
652,car,1
659,car,1
661,car,1
662,car,1
664,car,2
665,car,2
666,car,2
668,car,2
670,car,1
673,car,1
674,car,2
675,car,2
678,car,2
680,car,1
681,car,1
682,car,3
685,car,4
686,car,3
687,car,2
688,car,2
689,car,2
690,car,2
691,car,4
692,car,2
693,car,2
694,car,2
695,car,5
696,car,3
697,car,4
698,car,4
699,bicycle,1
699,car,1
699,person,1
701,car,1
702,car,2
703,car,1
706,car,1
708,car,2
709,car,2
711,car,1
712,truck,1
713,car,1
714,car,1
720,car,2
721,car,2
722,car,2
724,car,1
728,car,2
729,car,1
731,car,2
732,car,1
733,car,2
734,car,1
736,car,1
737,car,1
737,person,1
738,car,1
742,car,1
743,car,1
744,car,1
749,car,1
750,car,1
751,car,2
752,car,3
755,car,5
756,car,2
757,car,2
758,car,1
759,car,5
760,car,2
760,truck,1
762,car,1
763,car,1
764,car,1
765,car,1
766,car,1
767,car,2
768,car,1
773,car,1
774,truck,1
775,car,1
776,car,3
778,car,1
781,truck,1
782,car,1
784,car,2
785,car,2
786,car,1
787,car,1
789,car,2
790,car,1
791,car,1
793,truck,1
794,car,3
795,car,3
797,car,2
798,car,3
799,car,1
800,car,1
803,car,1
803,truck,1
806,car,3
807,car,1
810,car,3
813,car,4
814,car,1
815,car,3
816,car,3
819,car,1
820,car,1
821,car,3
822,car,1
823,car,1
823,person,1
824,car,2
825,car,2
827,car,1
829,car,2
829,truck,1
831,car,3
832,car,3
839,car,4
840,car,1
841,car,1
842,car,1
844,car,1
845,car,2
846,car,1
848,car,2
848,truck,1
849,car,1
851,car,2
852,car,6
854,car,1
855,car,2
856,car,1
857,car,1
858,car,3
861,car,1
862,car,2
864,car,1
865,car,2
867,car,1
870,car,1
871,car,3
875,car,2
876,car,3
878,car,3
882,car,2
884,car,1
885,car,1
886,car,2
891,car,1
892,bus,1
892,car,1
893,car,2
894,car,1
895,car,2
896,car,1
897,car,1
901,car,2
905,car,1
906,car,1
908,bus,1
908,car,1
913,car,2
914,car,1
914,truck,1
917,car,1
918,car,3
919,car,1
920,car,3
922,bus,1
922,car,1
923,car,1
924,truck,1
925,person,1
926,car,2
927,car,1
928,car,1
929,car,1
929,truck,1
932,car,1
933,car,2
934,car,2
936,car,1
936,person,1
937,car,5
939,car,2
940,car,5
943,car,3
944,car,1
945,car,2
946,car,1
947,car,1
947,truck,1
948,car,1
949,car,1
951,car,1
951,person,1
952,car,2
953,car,1
957,car,5
957,person,1
960,car,1
963,car,2
964,car,1
965,person,1
967,car,2
968,car,2
969,car,1
969,person,1
970,car,1
972,car,1
975,car,3
976,car,2
981,car,1
982,car,1
985,car,5
986,car,2
989,car,1
990,car,2
991,car,1
993,car,4
994,car,1
995,car,3
997,car,3
998,car,1
999,car,1
1000,car,1
1001,car,1
1003,car,1
1005,car,1
1008,car,2
1009,car,1
1012,car,1
1013,car,2
1014,car,1
1015,car,1
1016,car,2
1017,car,3
1018,car,1
1021,car,5
1025,car,1
1026,car,3
1028,car,3
1030,car,1
1030,person,1
1031,car,5
1032,car,5
1033,car,5
1034,car,2
1035,car,1
1036,car,1
1037,car,3
1039,car,2
1043,car,5
1044,car,3
1047,car,4
1047,truck,1
1048,car,4
1049,car,1
1052,car,1
1057,car,1
1058,car,1
1060,person,1
1067,car,3
1068,car,1
1069,car,1
1071,car,3
1073,car,1
1075,car,1
1077,car,1
1079,car,1
1080,car,1
1083,car,1
1084,car,1
1085,car,1
1086,car,3
1088,car,1
1089,car,1
1093,car,1
1095,car,1
1096,car,1
1097,car,1
1098,car,1
1099,car,1
1102,car,1
1104,car,2
1105,car,1
1105,person,2
1106,person,1
1107,car,1
1108,car,1
1114,car,1
1117,car,1
1125,car,2
1127,car,2
1127,truck,1
1128,car,2
1129,car,1
1137,car,1
1140,car,3
1143,car,5
1144,car,2
1146,car,2
1148,car,1
1150,car,1
1150,truck,1
1151,car,1
1152,car,1
1153,car,1
1154,car,1
1155,car,1
1156,car,1
1157,car,2
1158,car,2
1160,car,1
1161,car,4
1161,truck,1
1162,car,1
1162,person,1
1163,car,2
1164,car,4
1164,truck,1
1168,car,1
1169,car,2
1173,car,5
1174,car,2
1175,car,1
1176,car,4
1181,car,3
1183,car,2
1186,car,4
1188,car,4
1190,car,1
1191,car,2
1192,car,1
1195,car,1
1195,truck,1
1196,car,1
1197,car,3
1197,truck,1
1199,car,1
1203,car,2
1205,car,2
1206,car,1
1208,car,2
1209,car,2
1213,car,5
1215,car,2
1216,car,1
1219,car,2
1220,car,3
1221,car,1
1223,car,2
1224,car,2
1225,car,4
1226,car,2
1229,car,3
1230,car,2
1231,car,1
1233,car,5
1234,car,2
1235,car,2
1236,car,2
1239,car,1
1241,car,1
1242,car,6
1243,car,1
1244,car,2
1245,car,1
1249,car,2
1250,car,2
1253,car,2
1255,car,1
1257,car,1
1258,car,1
1260,car,2
1263,car,2
1265,car,2
1266,car,2
1267,car,1
1274,car,1
1277,car,2
1278,car,1
1279,car,2
1280,car,1
1280,person,1
1282,car,1
1283,car,3
1285,car,1
1286,car,3
1287,car,1
1288,car,3
1290,car,1
1291,car,2
1292,truck,2
1293,car,1
1294,car,1
1295,car,1
1296,car,1
1297,car,5
1298,car,2
1301,car,2
1303,car,2
1304,car,2
1305,car,1
1308,car,2
1312,car,1
1314,car,2
1315,car,1
1316,car,1
1318,car,4
1319,car,2
1320,car,2
1325,car,2
1327,car,1
1328,car,1
1331,car,1
1332,car,1
1334,car,3
1335,car,3
1336,car,4
1338,car,1
1341,car,2
1342,car,1
1346,car,1
1347,car,1
1350,car,4
1352,car,1
1353,car,2
1354,car,2
1355,car,1
1356,car,1
1357,car,1
1360,car,1
1361,car,1
1362,car,3
1363,car,1
1364,car,1
1364,person,2
1367,car,2
1370,car,1
1373,car,1
1374,person,2
1375,truck,1
1376,car,2
1377,car,3
1378,car,1
1379,car,2
1380,car,3
1381,car,1
1386,car,1
1387,car,2
1388,car,4
1389,car,1
1390,car,4
1391,car,1
1393,car,4
1393,person,1
1394,car,3
1395,car,3
1396,car,1
1399,car,2
1400,car,2
1402,car,1
1404,car,2
1405,car,1
1406,bus,1
1408,car,1
1410,car,1
1411,car,1
1412,car,4
1413,person,1
1414,car,2
1417,car,1
1418,car,4
1419,car,1
1421,car,2
1422,car,2
1423,car,3
1424,car,1
1425,car,2
1426,car,3
1427,car,6
1428,car,5
1433,car,1
1436,car,2
1437,car,1
1440,car,2
1441,car,1
1449,car,1
1450,car,2
1453,car,2
1454,car,1
1455,car,2
1456,car,1
1457,car,6
1460,car,2
1463,car,1
1468,car,1
1470,car,1
1471,bus,1
1471,car,3
1472,car,2
1475,car,2
1476,car,1
1476,train,1
1477,car,1
1479,car,2
1480,car,1
1482,car,2
1489,car,1
1490,car,3
1491,car,1
1492,car,3
1493,car,1
1494,car,1
1495,car,1
1500,bus,1
1501,car,1
1502,car,2
1502,person,3
1507,car,3
1508,car,1
1511,car,1
1512,car,1
1513,car,4
1514,car,2
1515,car,1
1519,car,3
1520,car,1
1521,car,3
1522,car,1
1523,car,1
1524,car,1
1527,car,1
1529,truck,2
1533,car,2
1534,car,3
1535,car,1
1536,car,2
1537,car,1
1539,car,1
1540,car,2
1545,person,1
1546,car,1
1547,car,2
1548,car,1
1553,car,1
1555,truck,1
1558,car,2
1560,person,1
1561,car,5
1562,car,3
1563,bus,1
1563,car,1
1565,car,1
1566,car,1
1569,car,1
1571,car,3
1572,car,3
1575,car,2
1576,car,2
1577,car,1
1579,car,1
1580,car,3
1581,car,1
1583,car,1
1584,car,1
1586,car,2
1588,car,2
1589,car,1
1589,person,2
1593,car,2
1594,car,1
1595,car,1
1597,car,3
1598,car,3
1599,car,1
1600,car,2
1602,car,2
1603,car,2
1604,car,1
1605,truck,1
1606,car,3
1608,bus,1
1609,car,2
1611,car,2
1617,car,3
1618,car,2
1621,car,1
1624,car,1
1626,car,3
1628,car,2
1629,car,2
1630,car,1
1631,car,3
1632,car,2
1633,car,3
1634,car,3
1635,car,1
1636,car,1
1637,car,1
1638,car,1
1639,car,2
1640,car,2
1645,car,2
1646,car,3
1646,person,1
1647,car,2
1649,car,3
1650,car,2
1651,car,2
1653,car,1
1654,car,4
1655,car,3
1658,car,2
1661,car,2
1663,car,3
1665,car,3
1666,car,2
1669,car,2
1670,car,1
1671,car,3
1671,person,1
1673,car,1
1675,bus,1
1675,car,1
1678,car,4
1679,car,3
1680,car,2
1683,car,1
1687,car,3
1688,car,5
1690,car,4
1693,car,2
1694,car,1
1696,car,2
1698,car,3
1701,car,1
1703,car,3
1706,car,1
1708,truck,1
1709,car,1
1710,car,3
1715,car,1
1721,car,3
1722,car,2
1725,car,1
1726,car,1
1728,car,1
1729,car,1
1730,car,2
1731,car,1
1733,car,2
1734,car,2
1735,car,3
1738,car,1
1739,car,1
1740,person,1
1743,car,2
1744,car,2
1745,car,1
1747,car,1
1751,car,1
1753,car,2
1754,car,3
1755,car,1
1756,car,2
1758,car,1
1759,car,1
1760,car,1
1762,car,3
1763,car,4
1764,car,2
1765,car,2
1766,car,1
1767,car,3
1770,car,1
1771,car,2
1772,car,2
1772,person,1
1777,car,1
1778,car,1
1781,car,1
1782,person,1
1784,car,2
1785,car,3
1786,car,1
1790,truck,1
1795,car,1
1802,car,1
1803,car,1
1804,car,2
1805,car,1
1807,car,2
1808,car,1
1809,car,1
1810,car,1
1810,person,1
1810,truck,1
1811,car,2
1812,car,2
1813,car,2
1814,car,2
1815,car,1
1818,car,1
1821,car,2
1822,car,1
1823,car,1
1824,car,2
1825,car,1
1826,car,2
1828,car,3
1831,car,4
1832,car,3
1833,car,3
1834,car,1
1835,car,1
1836,car,2
1838,car,2
1839,car,3
1841,car,1
1842,car,1
1843,car,2
1845,car,1
1846,car,1
1847,car,1
1848,car,1
1851,car,2
1853,car,2
1854,car,1
1856,car,1
1857,car,1
1859,car,2
1860,car,2
1860,person,1
1862,car,1
1864,car,1
1867,car,2
1867,person,1
1868,car,1
1869,car,1
1870,car,1
1870,person,1
1871,person,2
1874,car,2
1875,car,1
1876,car,3
1878,car,1
1879,car,2
1880,car,2
1880,truck,1
1881,car,1
1882,car,1
1884,car,3
1885,car,1
1886,car,2
1887,car,2
1888,car,1
1889,car,1
1890,car,2
1891,car,2
1892,car,1
1893,car,2
1894,car,2
1895,car,2
1897,car,1
1898,car,1
1899,car,2
1900,car,4
1904,car,1
1905,car,1
1907,car,1
1908,car,2
1909,car,1
1909,truck,1
1910,car,1
1912,car,2
1914,car,1
1915,car,1
1917,car,2
1918,car,1
1919,car,2
1920,car,1
1922,car,1
1923,car,1
1928,car,1
1929,car,1
1932,car,1
1933,car,3
1934,car,3
1936,car,2
1937,car,2
1938,car,3
1939,car,2
1940,car,2
1947,car,2
1949,car,1
1950,car,2
1951,car,2
1952,car,3
1953,car,1
1954,car,1
1955,car,4
1957,bus,1
1957,car,2
1958,person,1
1959,car,2
1960,car,1
1964,person,1
1966,car,1
1969,car,3
1973,car,2
1974,car,3
1976,car,1
1977,car,1
1978,car,1
1979,car,3
1980,car,3
1981,car,1
1982,car,1
1983,car,1
1984,car,1
1985,car,2
1991,car,2
1991,train,1
1992,car,2
1993,car,2
1994,car,2
1995,car,1
1997,car,1
1998,car,1
2002,car,3
2003,car,1
2004,car,2
2005,car,2
2006,car,1
2007,car,1
2009,car,2
2010,car,2
2012,car,1
2017,car,1
2018,car,1
2019,car,1
2020,car,1
2021,car,1
2025,car,1
2026,car,1
2027,car,4
2028,car,3
2031,car,1
2035,car,1
2036,car,3
2037,car,4
2038,car,3
2041,car,2
2042,car,1
2045,car,1
2045,truck,1
2046,car,3
2047,car,1
2048,car,3
2053,car,2
2054,truck,1
2055,car,1
2059,person,2
2065,car,1
2071,car,1
2074,train,1
2075,car,3
2077,car,1
2079,car,4
2080,car,5
2086,car,2
2087,car,1
2089,car,4
2091,train,1
2092,car,1
2095,car,2
2096,car,1
2097,car,2
2098,car,2
2099,person,1
2102,person,1
2103,car,1
2106,car,2
2107,car,2
2109,car,3
2110,car,3
2111,car,2
2112,truck,1
2113,car,2
2115,car,1
2117,car,2
2118,car,3
2119,car,1
2124,car,2
2125,car,3
2127,car,1
2128,car,2
2130,car,1
2133,car,1
2135,car,1
2135,person,1
2136,car,3
2137,car,4
2138,car,1
2140,car,1
2142,car,1
2143,car,2
2144,car,3
2146,train,1
2151,car,1
2152,car,1
2153,car,2
2154,car,2
2155,car,2
2158,car,1
2159,car,2
2160,car,3
2161,car,1
2162,car,2
2163,person,1
2169,car,1
2170,car,1
2175,person,1
2176,person,1
2177,train,1
2178,car,6
2182,car,1
2183,car,3
2184,car,1
2185,car,1
2186,car,2
2187,car,2
2190,car,2
2191,car,3
2193,car,1
2193,person,1
2195,car,4
2196,car,1
2197,car,1
2198,car,1
2201,car,1
2203,car,1
2204,car,2
2205,car,1
2207,car,3
2211,car,1
2212,car,1
2212,person,2
2213,car,1
2214,car,1
2217,car,3
2219,car,1
2220,car,1
2222,car,1
2224,car,2
2225,car,1
2226,car,1
2227,car,1
2228,car,4
2230,person,1
2231,car,2
2237,car,3
2238,car,2
2240,car,1
2241,car,1
2242,car,2
2243,car,3
2244,car,1
2246,car,1
2251,car,1
2255,car,2
2256,car,2
2261,car,1
2262,car,1
2265,car,1
2267,car,1
2269,car,1
2270,car,4
2271,car,2
2272,car,2
2273,car,3
2274,car,2
2276,car,1
2279,bus,1
2280,car,2
2281,car,1
2283,car,1
2284,car,1
2287,car,2
2289,car,1
2290,truck,1
2291,car,1
2292,car,1
2294,car,1
2296,car,1
2304,car,3
2305,car,1
2306,car,3
2308,car,3
2309,car,1
2310,car,1
2311,car,2
2312,car,6
2314,car,1
2317,car,4
2318,car,2
2319,car,3
2320,car,2
2321,car,1
2322,car,2
2323,car,3
2324,car,2
2325,car,5
2326,car,3
2327,car,1
2328,car,2
2330,car,2
2332,car,1
2335,car,1
2336,car,1
2338,car,1
2340,car,1
2342,car,1
2343,car,2
2344,car,3
2347,car,1
2348,car,2
2349,car,3
2350,car,2
2351,car,2
2352,car,2
2354,car,1
2356,car,2
2360,car,2
2363,car,2
2364,car,1
2365,car,1
2368,car,1
2369,car,2
2370,car,2
2372,car,1
2374,car,1
2375,car,1
2376,car,3
2378,car,1
2380,car,1
2383,car,2
2384,car,3
2386,car,1
2389,car,2
2390,car,1
2392,car,4
2394,car,2
2395,car,1
2397,car,2
2398,car,1
2398,truck,1
2399,car,4
2400,car,1
2401,car,1
2402,car,1
2405,car,1
2408,car,2
2409,car,3
2410,car,1
2411,car,3
2413,truck,1
2414,car,2
2415,car,1
2417,car,1
2418,car,1
2418,truck,1
2419,car,2
2421,car,1
2424,car,2
2426,car,1
2427,car,3
2428,car,3
2431,train,1
2432,car,1
2434,car,2
2435,car,3
2436,car,3
2438,car,1
2439,car,3
2440,car,1
2441,car,2
2442,car,3
2444,car,4
2445,car,1
2447,car,5
2449,car,1
2451,person,1
2453,person,1
2454,car,1
2459,car,1
2460,car,2
2463,car,1
2464,car,3
2470,car,4
2471,car,2
2472,car,2
2473,car,2
2475,car,1
2476,car,3
2477,car,2
2483,car,3
2483,person,1
2484,car,4
2486,car,1
2491,car,2
2492,car,2
2494,car,1
2496,car,1
2497,car,2
2498,car,4
2500,car,1
2502,car,1
2503,car,2
2504,car,3
2505,car,1
2509,car,5
2510,car,2
2511,car,1
2512,car,4
2513,car,1
2518,motorbike,1
2520,car,1
2523,car,4
2524,car,1
2527,car,1
2528,car,2
2534,bus,1
2534,car,1
2535,car,1
2536,car,2
2537,bus,1
2538,car,1
2540,car,4
2541,car,2
2543,car,2
2544,car,2
2546,car,3
2547,car,1
2548,car,2
2549,car,3
2551,car,3
2552,car,2
2553,car,2
2554,car,2
2556,car,3
2558,car,2
2560,car,1
2561,car,2
2567,car,1
2571,person,1
2572,car,4
2572,person,1
2573,car,1
2574,car,2
2575,car,1
2579,car,1
2580,car,1
2583,truck,1
2585,car,1
2587,car,1
2588,car,1
2589,car,2
2590,car,5
2591,car,3
2592,car,4
2593,car,1
2594,car,4
2597,car,1
2600,car,2
2601,car,1
2602,car,2
2603,car,4
2604,car,4
2605,car,4
2606,car,2
2607,car,5
2608,car,2
2610,car,2
2613,car,2
2615,car,2
2616,car,1
2617,car,1
2619,truck,1
2620,car,1
2621,car,2
2622,car,2
2623,car,2
2624,car,4
2626,car,1
2627,car,1
2628,car,5
2631,car,2
2632,car,2
2634,car,1
2638,car,1
2640,car,3
2643,car,2
2644,car,1
2645,car,4
2646,car,2
2649,car,1
2650,truck,1
2651,car,3
2654,car,1
2654,truck,1
2655,car,1
2661,car,2
2662,car,1
2665,car,1
2666,car,1
2667,car,2
2668,person,1
2670,car,2
2671,car,1
2674,bus,1
2674,truck,1
2675,car,1
2678,car,1
2679,car,4
2680,car,5
2683,car,1
2685,car,1
2686,car,2
2689,car,1
2690,car,1
2693,car,1
2695,car,1
2696,car,2
2697,car,1
2698,car,1
2701,car,1
2703,car,1
2704,car,2
2710,car,2
2711,car,1
2717,car,1
2718,car,2
2719,car,3
2720,car,3
2721,car,2
2722,car,1
2723,car,5
2724,car,3
2727,car,1
2729,car,1
2730,car,1
2731,car,4
2732,car,1
2734,car,2
2735,car,1
2739,car,1
2747,person,1
2749,car,3
2755,car,4
2758,car,1
2759,car,1
2759,person,1
2760,car,1
2760,person,2
2761,car,1
2762,car,1
2763,car,5
2763,person,1
2764,car,2
2769,car,1
2770,car,1
2771,car,4
2772,car,2
2774,car,1
2775,car,2
2776,car,2
2778,person,1
2780,car,1
2784,car,1
2786,car,1
2791,car,1
2792,car,3
2793,car,2
2796,car,1
2799,car,2
2800,car,2
2802,car,1
2804,car,2
2810,car,1
2817,car,3
2818,car,1
2819,car,2
2820,car,1
2821,car,3
2822,car,3
2824,car,1
2825,car,1
2826,car,3
2827,car,1
2828,car,2
2829,car,1
2831,car,1
2832,car,7
2833,car,2
2836,car,2
2837,car,2
2839,car,1
2839,person,1
2840,car,2
2841,car,2
2843,car,1
2844,car,1
2845,car,1
2847,car,1
2852,car,2
2853,car,1
2854,car,1
2854,person,2
2855,car,2
2856,truck,1
2857,car,1
2865,car,1
2866,car,2
2867,car,1
2870,car,1
2870,truck,1
2871,person,1
2874,car,1
2877,car,1
2878,car,3
2880,car,1
2881,car,1
2885,car,2
2887,car,2
2888,car,1
2890,car,1
2891,car,1
2893,car,2
2894,car,2
2894,person,1
2896,car,2
2896,truck,1
2899,car,1
2901,bicycle,1
2901,car,1
2902,car,1
2905,car,3
2906,car,2
2907,car,2
2908,car,2
2909,car,1
2910,train,1
2911,car,2
2912,car,2
2912,person,1
2913,car,1
2914,car,1
2915,car,2
2916,car,1
2918,car,1
2921,car,2
2922,car,1
2923,car,2
2924,car,3
2925,car,2
2926,car,1
2927,car,1
2930,car,2
2931,car,2
2932,car,2
2934,car,1
2936,car,1
2937,car,4
2938,car,2
2939,car,2
2940,car,4
2941,car,4
2942,car,4
2944,bus,1
2945,car,1
2951,car,1
2952,car,1
2953,car,1
2955,bus,1
2955,car,1
2956,truck,1
2957,car,1
2958,car,1
2959,person,1
2959,truck,1
2961,car,1
2962,car,1
2963,car,3
2964,car,1
2966,car,2
2971,car,3
2973,car,2
2974,car,2
2975,car,4
2976,car,4
2977,car,2
2978,car,1
2979,car,1
2982,car,3
2983,car,2
2985,car,3
2988,car,3
2989,car,2
2990,car,2
2993,car,2
2994,car,3
2995,car,2
2996,car,5
2997,car,4
2998,car,4
3004,car,1
3006,car,1
3007,car,3
3009,car,1
3013,car,1
3015,car,1
3017,car,1
3018,car,2
3023,car,1
3024,car,3
3025,car,2
3026,car,3
3027,car,1
3028,car,1
3031,car,1
3032,car,1
3033,car,1
3034,car,2
3035,car,1
3036,car,1
3039,car,2
3040,car,1
3041,car,1
3045,car,1
3046,car,2
3050,car,2
3051,car,2
3053,car,1
3055,car,1
3056,car,1
3057,car,2
3058,car,3
3060,car,1
3065,car,1
3066,car,1
3067,car,1
3068,car,2
3074,car,2
3083,car,1
3084,car,8
3087,car,3
3088,car,2
3090,car,1
3091,car,2
3093,car,1
3095,truck,1
3098,car,2
3099,car,1
3100,car,1
3100,truck,1
3101,car,2
3102,car,3
3103,car,1
3107,car,1
3108,car,1
3109,car,2
3111,car,4
3113,car,1
3114,car,2
3115,car,1
3116,car,2
3117,car,1
3122,car,2
3123,car,1
3124,car,1
3125,car,2
3126,car,2
3127,car,1
3130,car,2
3133,car,2
3135,car,2
3140,car,1
3147,car,4
3147,truck,1
3149,car,2
3149,person,1
3150,car,1
3151,car,1
3152,truck,2
3154,car,1
3155,car,1
3156,car,1
3157,car,2
3158,car,4
3159,car,2
3160,car,2
3161,car,1
3162,car,1
3167,car,1
3168,car,1
3169,car,2
3170,car,2
3171,car,2
3172,car,1
3174,car,1
3177,car,1
3178,car,1
3179,car,2
3181,car,2
3182,car,3
3188,car,1
3192,car,1
3193,car,1
3194,car,1
3196,car,1
3197,car,2
3199,car,4
3200,car,4
3201,car,1
3202,car,2
3203,car,1
3206,car,1
3210,car,1
3211,car,1
3212,car,1
3213,bicycle,1
3213,car,1
3213,person,2
3216,car,1
3217,car,1
3218,car,1
3219,car,4
3220,car,3
3221,car,1
3222,car,2
3223,car,2
3227,car,2
3228,car,2
3231,car,3
3232,car,1
3233,car,1
3237,car,1
3238,car,1
3240,car,1
3242,car,1
3243,car,1
3248,car,1
3255,car,6
3257,car,1
3258,car,3
3259,car,1
3260,car,2
3261,car,1
3264,car,5
3267,car,1
3268,bus,1
3268,car,1
3270,car,3
3272,car,2
3274,car,1
3274,truck,1
3279,car,3
3280,car,1
3283,car,1
3285,car,1
3287,car,2
3288,car,1
3289,car,1
3290,car,1
3290,truck,1
3292,person,1
3293,car,2
3294,car,1
3297,car,1
3304,car,3
3305,car,2
3307,car,1
3312,car,2
3313,person,1
3316,car,1
3322,car,1
3326,car,1
3327,car,1
3328,car,2
3333,car,1
3335,car,2
3336,car,2
3337,truck,1
3338,car,2
3340,car,1
3343,car,1
3345,car,1
3346,car,1
3347,car,3
3348,car,2
3354,car,1
3357,car,1
3358,car,1
3362,car,1
3363,car,1
3368,car,1
3369,car,2
3371,car,1
3372,car,2
3375,car,3
3376,car,3
3383,car,2
3385,car,2
3386,car,2
3393,car,4
3395,car,1
3396,car,2
3397,car,2
3398,car,1
3399,car,1
3403,person,1
3407,car,4
3410,car,2
3412,car,2
3415,car,1
3417,car,3
3418,car,3
3419,car,3
3422,car,1
3423,car,1
3427,car,2
3428,car,1
3429,car,1
3430,car,1
3432,car,1
3434,car,1
3435,car,1
3437,car,2
3438,car,2
3439,car,1
3447,car,1
3451,person,1
3452,bus,1
3452,car,1
3454,truck,1
3458,car,2
3461,car,2
3462,car,1
3465,car,1
3466,car,2
3469,car,2
3470,car,2
3471,car,2
3472,car,3
3473,car,1
3475,car,1
3476,car,1
3479,car,2
3480,car,1
3481,car,2
3482,car,2
3485,car,1
3488,car,1
3490,car,2
3491,car,1
3492,car,2
3493,car,2
3494,car,2
3497,car,1
3498,car,1
3499,car,2
3500,car,1
3502,car,2
3508,car,2
3509,car,2
3510,car,1
3511,car,1
3511,truck,1
3512,car,2
3513,car,1
3514,car,1
3516,car,3
3522,car,1
3523,car,1
3524,person,1
3526,car,1
3529,car,2
3530,truck,1
3532,car,2
3534,car,1
3535,car,1
3536,car,1
3537,car,2
3538,car,1
3542,car,1
3543,car,2
3546,car,2
3548,car,3
3549,car,4
3549,truck,1
3551,car,1
3554,car,1
3555,car,1
3556,truck,1
3557,car,2
3559,car,1
3560,car,1
3564,car,1
3567,car,2
3568,car,1
3571,car,1
3572,car,3
3573,car,3
3574,car,1
3576,car,3
3577,car,1
3581,car,2
3582,car,1
3583,car,3
3584,car,3
3587,car,1
3588,car,1
3589,car,2
3591,car,2
3592,car,1
3592,person,2
3593,car,2
3594,car,2
3595,car,1
3596,car,1
3597,car,1
3598,car,4
3601,car,1
3602,car,3
3606,car,2
3608,car,1
3609,car,1
3610,car,2
3613,car,1
3614,car,5
3617,car,2
3619,car,1
3620,car,2
3621,car,1
3622,car,2
3623,truck,1
3624,car,1
3626,car,1
3627,car,1
3628,car,2
3630,car,2
3631,car,1
3640,car,1
3641,car,1
3642,car,3
3647,car,1
3649,car,1
3649,person,1
3653,car,1
3654,car,2
3656,car,1
3656,motorbike,1
3657,car,1
3659,car,2
3660,car,1
3661,car,1
3662,car,1
3664,car,1
3665,car,2
3666,car,1
3667,car,2
3667,person,1
3669,car,3
3670,car,2
3671,car,2
3674,car,1
3678,car,2
3679,car,1
3680,car,1
3681,car,2
3682,car,1
3682,train,1
3683,car,1
3683,person,1
3684,car,1
3685,car,5
3687,car,3
3688,car,1
3688,person,1
3691,car,1
3693,car,1
3694,car,1
3695,car,1
3701,car,3
3701,truck,1
3709,car,1
3711,car,2
3713,car,1
3714,car,2
3715,car,2
3719,car,1
3719,train,1
3720,car,1
3721,car,1
3723,car,3
3727,car,3
3728,car,3
3731,car,1
3734,car,1
3737,car,1
3740,car,1
3744,car,2
3745,car,1
3750,car,2
3751,car,1
3752,car,2
3755,car,2
3756,car,1
3757,car,1
3758,car,1
3760,car,1
3761,car,2
3762,car,1
3763,car,1
3764,car,1
3765,car,1
3768,car,1
3770,car,1
3771,car,1
3775,car,1
3779,car,1
3783,car,2
3787,car,2
3788,car,1
3794,car,4
3795,car,1
3797,car,2
3807,car,1
3809,car,1
3811,car,1
3813,car,1
3814,truck,1
3815,car,1
3818,car,1
3819,person,1
3821,car,2
3822,car,2
3824,car,2
3825,car,3
3826,car,1
3827,car,1
3829,car,2
3829,person,1
3829,truck,1
3833,car,2
3833,person,1
3834,car,2
3838,car,3
3842,car,1
3845,car,1
3846,car,1
3858,car,4
3859,car,4
3860,car,2
3863,car,1
3864,car,6
3865,car,4
3866,car,4
3867,car,1
3868,car,2
3870,car,1
3872,car,2
3873,car,1
3874,car,1
3875,car,1
3876,car,2
3879,car,1
3884,car,2
3889,car,2
3893,car,1
3896,car,1
3898,car,2
3899,car,1
3901,car,3
3901,person,1
3902,car,1
3903,car,1
3913,car,2
3914,car,4
3915,car,1
3916,car,2
3921,car,1
3923,car,2
3926,car,1
3927,car,5
3928,car,3
3929,car,3
3932,car,1
3933,car,1
3935,car,1
3939,car,7
3941,car,1
3942,car,1
3944,car,1
3945,car,2
3945,truck,1
3946,car,2
3948,car,2
3950,car,1
3951,car,2
3952,car,1
3954,car,1
3954,truck,1
3957,car,2
3959,car,1
3960,car,1
3961,bus,1
3961,car,1
3962,car,1
3963,car,3
3965,car,1
3965,person,1
3967,car,4
3968,car,2
3969,person,1
3972,car,1
3979,car,1
3979,truck,1
3980,car,4
3983,car,1
3984,car,1
3988,car,1
3989,car,1
3990,car,1
3994,car,1
3995,car,1
3997,truck,1
3998,car,1
3999,car,2
4000,car,2
4001,car,2
4002,car,2
4005,car,1
4007,car,1
4008,car,2
4008,person,1
4009,car,2
4013,car,1
4015,car,2
4016,car,1
4017,car,2
4018,car,2
4020,car,2
4021,car,1
4022,car,2
4026,car,2
4028,car,4
4030,car,1
4031,car,1
4034,car,2
4037,car,1
4038,car,2
4041,car,2
4042,car,1
4043,car,1
4046,car,2
4047,car,2
4048,car,3
4050,car,1
4051,car,1
4052,car,2
4053,car,1
4055,car,1
4056,car,2
4057,car,2
4059,car,2
4060,car,2
4062,car,3
4063,car,1
4067,person,1
4068,car,3
4069,car,1
4070,car,2
4071,car,1
4072,car,3
4073,car,4
4077,car,1
4080,car,2
4081,car,1
4082,car,1
4083,car,3
4084,car,2
4085,car,1
4086,car,1
4090,car,1
4091,car,1
4093,car,3
4094,car,1
4095,car,1
4096,car,1
4097,car,3
4098,car,2
4099,car,1
4100,car,2
4101,car,2
4102,car,2
4103,car,1
4104,car,2
4107,car,1
4109,car,1
4110,car,1
4111,car,1
4112,car,1
4113,car,4
4113,person,1
4114,car,2
4116,car,3
4117,car,3
4119,car,2
4120,car,1
4125,car,3
4126,car,2
4127,car,1
4133,car,2
4134,car,4
4135,car,1
4136,car,3
4139,person,1
4140,car,1
4142,car,1
4143,car,3
4144,car,1
4145,car,1
4147,car,1
4148,car,1
4150,car,1
4152,car,4
4153,car,3
4154,car,1
4155,car,2
4155,person,1
4156,car,2
4157,car,1
4158,car,1
4161,car,1
4162,car,3
4163,truck,1
4164,car,4
4165,bus,1
4166,car,1
4167,car,1
4168,car,2
4169,car,1
4170,car,1
4175,car,2
4176,car,3
4177,car,2
4177,person,1
4178,car,2
4179,person,1
4180,car,2
4181,car,1
4182,car,3
4185,car,2
4186,car,2
4188,car,4
4188,person,1
4188,truck,1
4189,car,1
4190,car,1
4191,car,3
4192,car,3
4195,car,2
4197,car,1
4198,car,2
4200,car,1
4200,train,1
4201,car,1
4202,car,3
4205,car,1
4206,car,1
4207,car,1
4208,car,3
4211,car,2
4215,car,2
4215,truck,1
4217,car,1
4218,car,2
4219,car,1
4219,person,1
4220,car,1
4221,car,2
4222,car,1
4222,truck,1
4223,car,1
4227,car,1
4231,car,1
4232,person,1
4233,car,1
4234,car,2
4234,person,1
4234,truck,1
4235,car,1
4236,car,1
4237,car,1
4237,truck,1
4240,car,2
4241,car,3
4242,car,3
4242,person,1
4242,truck,1
4243,car,1
4244,bus,1
4245,car,2
4246,car,1
4251,person,2
4253,car,1
4254,car,2
4255,person,1
4260,car,1
4262,car,1
4265,person,3
4266,person,2
4274,person,3
4276,car,1
4277,car,1
4281,car,1
4282,car,1
4283,car,2
4284,car,1
4287,car,1
4288,car,1
4291,car,3
4292,car,2
4293,car,4
4294,car,5
4300,car,1
4301,car,1
4302,car,1
4306,car,2
4307,car,1
4309,car,2
4311,car,2
4313,car,4
4314,car,3
4321,car,2
4322,car,1
4324,car,2
4327,car,1
4329,car,1
4330,car,1
4334,car,1
4339,car,1
4341,car,1
4342,car,2
4343,car,4
4344,car,3
4350,car,2
4351,car,1
4352,car,1
4353,car,1
4354,car,1
4357,car,3
4358,car,1
4359,car,3
4360,car,1
4362,car,2
4363,car,3
4364,car,3
4365,car,2
4366,car,2
4367,car,1
4369,car,1
4372,train,1
4374,car,1
4378,car,2
4380,car,3
4383,car,1
4385,car,1
4392,car,2
4395,person,1
4398,car,1
4399,person,1
4400,car,2
4402,car,2
4405,car,2
4406,car,2
4407,car,2
4408,car,2
4410,car,1
4411,car,3
4412,car,2
4413,truck,1
4415,car,1
4416,train,1
4418,car,1
4420,car,2
4421,car,3
4422,car,8
4428,car,1
4429,car,2
4432,car,2
4434,car,2
4435,car,2
4436,person,1
4437,car,3
4438,car,2
4445,car,2
4446,car,2
4447,car,2
4448,car,1
4448,person,2
4452,car,2
4455,car,3
4457,car,1
4460,car,2
4462,person,3
4463,car,2
4468,car,2
4470,car,1
4473,car,3
4474,car,3
4475,car,2
4477,car,2
4478,car,1
4479,car,1
4480,car,3
4481,truck,1
4482,car,2
4483,car,2
4484,car,2
4492,car,1
4493,car,2
4494,car,3
4495,car,1
4497,person,1
4501,car,3
4503,car,1
4508,car,2
4509,car,1
4510,car,1
4511,car,2
4512,car,1
4514,car,3
4515,car,2
4516,car,1
4518,car,1
4520,car,1
4521,car,5
4525,truck,1
4526,car,1
4528,car,1
4536,car,2
4538,truck,1
4539,car,1
4541,car,1
4547,car,1
4550,car,1
4551,car,2
4552,car,1
4553,car,2
4554,car,2
4555,car,2
4556,car,2
4557,car,1
4558,car,1
4561,car,1
4563,car,3
4564,car,2
4565,car,2
4566,car,3
4567,car,1
4569,car,3
4570,car,2
4571,car,2
4572,car,1
4572,truck,1
4573,car,1
4574,car,1
4575,car,3
4576,car,2
4577,car,1
4578,car,2
4579,car,1
4580,car,2
4581,car,2
4582,car,1
4585,car,1
4586,car,2
4588,person,1
4589,car,2
4590,car,1
4594,car,1
4595,truck,1
4597,car,1
4599,car,2
4600,car,2
4601,car,1
4604,car,1
4605,car,1
4606,car,3
4608,car,1
4609,car,2
4609,person,1
4610,person,1
4615,car,1
4616,car,1
4617,car,1
4619,car,1
4623,car,1
4624,car,2
4625,car,1
4626,car,1
4630,car,1
4631,car,4
4635,car,1
4637,car,2
4637,person,1
4638,car,4
4640,car,1
4641,car,1
4642,car,1
4643,car,1
4644,car,2
4645,car,2
4648,car,2
4649,car,1
4650,car,1
4656,car,1
4664,car,1
4665,car,1
4666,car,1
4667,car,2
4669,car,1
4670,car,1
4671,car,3
4672,car,4
4675,bus,1
4676,car,1
4677,car,2
4678,car,1
4682,truck,1
4683,car,2
4684,car,1
4685,car,1
4686,car,1
4686,person,1
4688,car,4
4689,car,1
4690,car,1
4690,truck,1
4692,car,2
4693,car,1
4694,car,2
4696,person,1
4697,person,1
4699,car,1
4700,car,2
4702,car,2
4705,car,1
4708,car,1
4710,car,5
4712,car,1
4713,car,1
4715,car,2
4716,car,2
4718,car,1
4722,car,2
4723,car,3
4724,car,3
4725,car,5
4725,person,1
4726,car,4
4729,car,2
4730,car,2
4731,person,1
4732,car,1
4736,car,1
4741,car,2
4742,car,1
4743,car,3
4748,car,1
4749,person,1
4750,person,3
4751,car,1
4752,car,1
4753,car,2
4754,car,4
4755,car,2
4757,car,3
4758,car,3
4761,car,4
4762,car,1
4763,car,1
4764,car,2
4765,car,2
4766,car,1
4767,car,1
4768,car,2
4769,car,1
4770,car,1
4771,train,1
4773,car,3
4774,car,2
4775,car,2
4777,car,1
4778,car,3
4782,car,3
4783,car,2
4784,car,3
4786,car,2
4789,car,1
4790,car,3
4790,person,1
4791,car,1
4794,car,1
4795,car,1
4796,car,2
4797,car,1
4798,car,1
4801,car,2
4803,car,5
4805,person,1
4806,car,1
4807,car,4
4808,car,3
4811,car,3
4813,car,2
4817,car,2
4818,car,1
4819,car,1
4820,car,5
4821,car,3
4822,car,3
4823,car,1
4824,car,2
4825,car,2
4828,car,2
4829,person,1
4830,person,3
4833,car,2
4834,car,3
4835,car,1
4837,car,2
4838,car,1
4839,car,2
4840,car,4
4842,car,1
4843,car,1
4844,car,2
4845,person,1
4846,car,3
4847,car,1
4849,car,5
4850,car,2
4852,car,1
4852,person,1
4853,car,1
4854,car,2
4857,car,1
4859,car,3
4860,car,2
4862,person,1
4864,car,1
4868,car,2
4869,car,2
4871,car,5
4872,car,5
4873,car,2
4874,car,2
4876,car,2
4877,car,2
4878,car,2
4879,car,2
4882,car,1
4885,train,1
4887,car,1
4888,car,1
4889,car,1
4890,car,2
4891,car,1
4891,truck,1
4893,car,1
4893,person,1
4894,car,4
4895,car,3
4896,car,4
4897,car,1
4899,car,1
4901,car,1
4902,car,2
4903,car,1
4904,car,5
4905,car,1
4906,car,2
4910,car,1
4911,car,1
4912,car,1
4913,car,3
4914,car,1
4917,car,2
4919,person,1
4920,car,1
4921,car,3
4922,car,4
4923,car,1
4925,car,1
4926,car,3
4927,car,1
4929,car,3
4930,car,2
4931,car,2
4933,car,2
4934,car,1
4935,car,1
4942,car,1
4944,car,1
4945,car,2
4946,car,2
4950,car,4
4950,truck,1
4955,car,3
4956,car,1
4958,car,2
4964,car,1
4965,car,2
4966,car,3
4971,car,1
4972,car,4
4976,bus,1
4976,car,2
4978,car,1
4979,car,1
4980,car,1
4982,car,1
4983,car,2
4984,car,1
4986,car,1
4987,car,2
4995,car,2
4996,car,2
4996,person,3
4998,car,2
5001,person,1
5007,car,1
5012,person,1
5014,car,2
5016,car,1
5017,car,2
5018,car,3
5019,car,3
5021,car,3
5022,car,1
5023,car,1
5026,car,1
5027,car,1
5031,car,1
5033,car,2
5035,car,4
5036,car,2
5038,car,2
5041,car,2
5043,car,2
5044,car,2
5047,car,3
5048,car,3
5050,car,1
5051,car,1
5051,person,1
5052,car,3
5053,car,3
5054,person,1
5056,car,1
5057,car,4
5058,car,1
5059,car,1
5060,car,2
5062,car,4
5064,car,1
5067,car,2
5068,car,4
5069,car,2
5073,car,2
5074,car,1
5075,car,2
5076,car,4
5078,bus,1
5078,car,1
5078,train,1
5079,car,3
5080,car,1
5080,person,1
5085,car,1
5086,car,1
5088,car,1
5089,car,3
5090,car,3
5093,car,3
5094,car,1
5095,car,2
5096,car,1
5097,car,1
5098,car,1
5098,truck,1
5099,car,3
5100,car,3
5101,car,1
5103,car,1
5104,car,1
5105,car,3
5106,car,2
5106,person,1
5107,car,1
5111,car,1
5112,car,2
5113,car,1
5117,car,2
5118,car,1
5119,car,1
5122,car,1
5123,car,2
5124,car,1
5127,car,1
5129,car,1
5130,car,1
5131,person,1
5132,car,2
5138,car,2
5140,car,2
5142,car,3
5143,car,3
5145,car,2
5148,car,1
5149,car,1
5151,car,1
5152,car,1
5153,car,2
5154,car,2
5155,car,1
5156,car,1
5158,person,1
5159,car,2
5160,car,2
5161,car,2
5162,car,2
5164,car,1
5165,car,1
5166,car,1
5169,car,1
5179,car,2
5180,car,2
5181,car,2
5182,car,2
5183,car,1
5185,person,1
5187,bicycle,1
5191,car,1
5192,car,3
5193,car,2
5194,car,4
5195,car,1
5197,car,3
5198,car,3
5202,car,1
5204,car,2
5205,car,1
5214,car,2
5217,car,4
5218,car,2
5223,car,1
5225,car,2
5226,car,1
5227,truck,1
5228,car,2
5229,car,2
5230,car,5
5232,car,3
5238,car,2
5242,car,1
5243,car,1
5244,car,6
5245,car,2
5246,car,3
5248,car,1
5249,car,2
5251,car,3
5252,car,2
5257,car,2
5260,car,1
5260,person,1
5263,car,2
5264,car,2
5265,car,1
5267,car,2
5269,car,2
5270,car,2
5276,car,3
5277,car,1
5278,car,1
5279,car,1
5280,car,3
5287,car,2
5288,car,4
5293,car,3
5294,car,2
5297,car,1
5298,car,2
5301,car,3
5302,car,4
5303,car,2
5304,car,1
5306,car,1
5307,car,1
5308,car,1
5309,car,2
5310,car,2
5311,car,1
5312,car,5
5313,car,3
5318,car,3
5320,car,1
5321,car,3
5322,car,3
5324,car,1
5327,car,1
5328,car,2
5329,car,2
5330,car,3
5333,car,1
5335,car,1
5336,car,1
5338,car,1
5341,car,1
5342,car,1
5345,car,2
5346,car,4
5348,person,1
5352,car,1
5357,car,1
5358,car,2
5359,car,2
5366,car,1
5369,car,1
5372,car,1
5372,person,3
5373,car,1
5379,car,3
5381,car,1
5382,car,1
5383,car,1
5384,car,1
5385,truck,1
5386,car,2
5387,car,2
5389,person,1
5390,car,2
5391,car,2
5392,car,1
5393,car,1
5394,car,2
5397,car,3
5399,car,1
5399,truck,1
5400,truck,1
5401,car,1
5401,person,2
5402,car,2
5405,person,1
5408,car,1
5410,car,1
5415,car,1
5417,car,5
5418,car,7
5420,car,2
5422,car,1
5423,car,1
5427,car,2
5428,car,1
5429,car,1
5430,car,3
5431,car,1
5432,car,2
5433,car,3
5434,car,3
5436,car,1
5437,car,1
5438,car,1
5439,car,1
5442,car,1
5444,car,1
5449,car,1
5452,car,1
5452,truck,1
5456,car,2
5457,car,1
5458,car,2
5460,car,2
5462,car,2
5466,car,1
5469,car,2
5470,car,1
5472,car,1
5473,car,1
5476,car,1
5477,car,1
5481,car,3
5482,car,2
5489,car,2
5490,car,2
5491,car,1
5493,car,1
5494,car,2
5495,car,3
5496,car,1
5497,car,1
5498,car,2
5499,car,1
5500,car,3
5503,car,2
5504,truck,1
5506,car,1
5507,car,3
5508,car,4
5512,car,1
5514,car,1
5515,car,3
5516,car,1
5518,person,2
5519,car,2
5520,car,4
5522,car,1
5523,car,2
5524,car,1
5526,car,1
5528,car,1
5529,car,1
5530,car,1
5531,car,2
5531,person,1
5532,car,4
5533,car,3
5534,car,2
5536,car,1
5539,car,1
5545,car,1
5545,truck,1
5546,car,1
5548,car,2
5550,car,3
5551,car,2
5554,car,1
5555,car,2
5556,car,3
5556,person,1
5557,car,1
5558,car,1
5559,car,1
5561,car,1
5563,truck,1
5565,car,2
5571,person,1
5572,car,1
5573,car,1
5576,car,1
5579,car,7
5580,car,1
5581,car,1
5584,car,2
5591,car,1
5592,car,1
5593,car,1
5594,car,1
5594,person,1
5595,car,1
5596,car,5
5597,car,2
5598,car,1
5600,car,1
5601,car,1
5606,car,1
5609,person,1
5610,car,2
5614,car,1
5615,car,1
5616,car,2
5622,car,1
5625,person,2
5626,person,1
5629,car,3
5630,truck,1
5631,car,2
5632,car,2
5633,car,2
5634,car,3
5635,car,5
5636,car,3
5641,car,1
5642,car,1
5643,car,1
5644,car,1
5646,car,1
5647,car,4
5648,car,1
5650,car,1
5650,truck,1
5651,car,1
5653,car,1
5655,car,1
5658,car,5
5660,car,2
5662,car,2
5666,car,1
5667,car,3
5668,car,1
5672,car,1
5673,car,2
5675,car,3
5676,car,2
5677,car,1
5681,car,2
5682,car,2
5683,car,1
5685,car,2
5686,car,2
5688,car,1
5689,car,1
5690,car,2
5692,car,1
5694,car,1
5695,car,1
5696,car,3
5698,car,1
5702,car,1
5703,car,2
5706,car,1
5709,car,1
5710,car,1
5711,car,3
5712,car,3
5713,car,1
5714,car,1
5715,car,2
5717,car,3
5718,car,1
5719,car,1
5720,car,1
5724,car,2
5725,car,1
5727,person,1
5730,car,1
5731,car,1
5731,person,1
5732,car,3
5739,car,1
5741,car,5
5742,car,1
5742,truck,1
5745,car,2
5747,car,1
5748,car,1
5754,car,1
5755,car,3
5757,car,1
5758,car,2
5761,car,2
5762,car,1
5764,car,3
5768,car,1
5769,car,1
5772,car,1
5776,car,1
5778,car,3
5780,car,2
5783,car,3
5788,car,2
5790,person,1
5793,car,1
5795,car,1
5796,car,1
5799,car,1
5802,car,1
5804,car,1
5807,car,1
5808,car,1
5809,person,3
5810,car,1
5815,car,1
5821,car,3
5822,car,2
5825,car,1
5826,car,2
5827,car,1
5831,car,2
5832,car,2
5835,car,2
5836,car,1
5837,car,2
5838,car,6
5839,car,1
5841,car,2
5843,car,2
5844,car,2
5849,car,1
5850,car,2
5854,car,1
5857,car,1
5858,bus,1
5859,car,2
5860,car,1
5861,car,4
5862,car,2
5863,car,2
5864,car,1
5864,person,1
5865,truck,1
5867,car,1
5869,car,1
5870,car,2
5871,car,2
5871,person,1
5872,car,2
5873,car,1
5874,car,1
5876,truck,1
5881,car,2
5882,car,1
5883,car,1
5884,car,3
5885,car,5
5890,car,1
5891,car,3
5892,car,1
5893,car,2
5894,car,3
5895,car,1
5897,bicycle,1
5897,car,1
5899,car,1
5900,car,1
5902,car,1
5903,car,1
5909,car,1
5910,car,1
5911,car,1
5913,car,1
5916,car,1
5919,car,1
5920,car,1
5921,car,1
5922,car,4
5923,car,1
5926,car,2
5927,car,2
5928,car,1
5931,car,1
5932,car,1
5932,truck,2
5934,car,4
5937,car,3
5938,car,1
5939,car,1
5940,car,1
5941,car,1
5945,car,1
5946,car,1
5948,car,2
5953,car,1
5954,car,1
5957,car,1
5960,car,1
5961,car,1
5962,car,1
5963,car,1
5967,car,1
5969,car,2
5970,car,2
5971,car,2
5973,car,1
5975,car,1
5976,car,1
5976,person,2
5977,car,1
5978,car,1
5982,car,1
5983,car,2
5984,car,1
5985,car,3
5986,car,1
5988,car,3
5991,car,3
5992,car,2
5993,car,1
5994,car,3
5996,car,1
5997,car,1
5998,car,3
6000,car,2
6002,car,1
6004,car,1
6005,car,1
6006,car,1
6007,car,1
6009,car,1
6011,car,1
6016,car,1
6018,car,1
6019,car,4
6020,car,1
6022,car,3
6023,car,2
6025,car,1
6027,car,1
6028,car,1
6033,car,2
6034,car,1
6037,person,2
6038,car,1
6039,car,2
6040,car,2
6041,car,1
6046,car,4
6047,car,1
6053,car,1
6056,car,1
6057,car,3
6058,car,3
6059,car,3
6064,car,1
6066,car,1
6068,car,2
6069,car,1
6070,car,1
6071,car,1
6079,car,1
6080,car,1
6083,car,1
6083,truck,1
6085,car,1
6086,car,1
6089,car,2
6092,car,2
6093,car,2
6093,truck,1
6099,car,1
6100,car,1
6101,car,1
6102,car,1
6103,car,2
6105,car,2
6106,car,2
6107,car,2
6108,car,4
6109,car,1
6111,car,1
6112,car,1
6114,truck,1
6117,car,2
6121,car,1
6123,car,2
6124,car,1
6127,car,1
6128,car,1
6131,car,1
6132,car,1
6137,car,4
6138,car,1
6144,car,2
6146,bus,1
6146,car,3
6149,car,5
6150,car,1
6153,car,1
6161,car,4
6162,car,3
6169,car,2
6170,car,1
6173,car,1
6174,car,2
6175,car,2
6177,car,2
6179,car,4
6184,car,1
6189,car,1
6190,car,2
6191,car,1
6195,car,1
6196,car,2
6199,car,1
6201,car,1
6218,car,1
6219,car,1
6220,car,1
6224,car,2
6224,truck,2
6226,car,3
6227,car,1
6228,car,1
6229,car,2
6232,car,1
6239,car,1
6240,car,2
6242,car,3
6245,truck,1
6248,car,1
6251,car,1
6254,car,2
6256,car,1
6256,person,2
6260,car,1
6263,car,2
6265,truck,1
6267,car,3
6268,car,3
6269,car,4
6270,car,3
6271,car,1
6272,car,1
6273,car,2
6274,car,1
6275,car,5
6276,car,3
6279,car,2
6280,car,2
6284,car,1
6287,car,3
6288,car,1
6289,person,2
6291,car,1
6292,car,1
6293,car,1
6294,car,1
6297,car,1
6302,car,1
6303,person,1
6304,car,2
6305,car,4
6307,car,4
6308,car,4
6314,car,2
6316,car,1
6319,car,1
6320,car,1
6321,car,1
6322,car,1
6323,car,1
6324,car,1
6329,car,1
6330,car,3
6331,car,2
6332,car,1
6333,car,1
6334,car,1
6335,car,1
6337,car,5
6338,car,3
6339,car,1
6344,car,2
6345,car,1
6346,car,2
6348,car,2
6349,car,1
6352,car,2
6354,car,1
6357,car,1
6358,car,1
6361,car,1
6372,car,1
6373,car,1
6374,car,4
6377,car,3
6378,car,1
6379,car,2
6380,person,1
6388,car,2
6389,car,1
6390,car,2
6391,car,1
6392,car,2
6393,car,3
6398,person,1
6398,truck,1
6409,car,1
6410,car,1
6413,car,2
6414,car,3
6416,truck,1
6419,car,1
6421,car,2
6422,car,2
6423,car,1
6428,car,2
6431,car,1
6432,car,1
6433,car,1
6434,car,1
6437,car,1
6439,car,3
6441,person,1
6443,truck,1
6446,car,1
6447,car,1
6448,car,2
6449,car,5
6450,car,3
6451,car,3
6452,car,1
6453,car,1
6454,car,1
6455,car,1
6457,car,1
6458,car,2
6459,car,1
6460,car,1
6462,car,1
6466,car,1
6471,car,1
6471,person,1
6472,car,2
6473,car,1
6474,car,2
6475,car,2
6476,car,2
6478,car,2
6479,car,1
6486,car,1
6487,car,1
6489,truck,1
6490,car,2
6491,car,1
6493,car,2
6494,car,1
6498,car,1
6499,person,1
6503,car,1
6505,car,1
6506,car,1
6510,car,2
6511,car,1
6512,car,1
6514,car,1
6515,car,2
6516,car,1
6518,car,1
6519,car,2
6520,truck,1
6521,car,1
6522,car,1
6527,car,1
6529,car,1
6534,person,1
6536,car,1
6537,car,1
6538,car,1
6540,car,1
6543,car,2
6544,car,1
6550,car,1
6552,car,1
6553,car,1
6554,train,1
6559,car,3
6560,car,1
6561,car,3
6562,car,4
6565,car,2
6566,car,1
6566,person,1
6572,car,1
6573,car,1
6574,car,2
6576,car,2
6577,car,2
6578,car,2
6579,car,1
6583,car,1
6584,car,2
6586,car,2
6587,car,4
6591,car,5
6592,car,1
6593,car,1
6598,car,3
6599,car,1
6600,car,1
6602,car,3
6603,car,1
6605,car,1
6607,car,1
6608,car,2
6609,car,1
6609,person,1
6612,car,1
6615,car,3
6616,person,4
6617,car,2
6618,car,2
6622,car,1
6625,car,1
6626,car,3
6629,car,4
6630,car,3
6634,person,1
6634,truck,1
6635,car,1
6640,car,2
6643,car,2
6644,car,2
6644,truck,1
6656,car,1
6657,car,3
6658,car,3
6664,car,1
6665,car,1
6673,car,1
6676,car,2
6677,car,2
6677,person,1
6684,car,1
6687,car,2
6688,car,2
6691,car,1
6692,car,1
6693,car,2
6698,bus,1
6698,car,1
6701,car,2
6702,car,1
6708,car,2
6709,car,1
6711,car,2
6712,car,2
6713,car,1
6714,car,1
6717,car,1
6718,car,2
6720,car,2
6727,car,1
6728,car,1
6733,car,1
6734,car,2
6735,car,1
6736,car,1
6738,car,1
6740,car,1
6740,truck,1
6744,car,1
6749,car,1
6750,car,1
6752,car,1
6754,car,1
6755,car,1
6760,car,1
6761,car,5
6762,car,5
6764,car,1
6764,person,1
6765,car,1
6765,train,1
6766,car,1
6767,car,1
6774,car,1
6775,car,1
6777,car,1
6778,car,2
6778,person,2
6779,car,1
6779,truck,1
6780,car,1
6785,car,3
6786,car,2
6787,car,2
6787,truck,1
6788,car,2
6789,car,1
6789,truck,1
6791,car,1
6792,car,3
6793,car,1
6795,car,1
6795,person,1
6797,car,2
6799,car,2
6800,car,3
6807,person,1
6810,bus,1
6811,car,1
6813,car,2
6818,car,2
6819,car,1
6822,car,1
6823,car,2
6825,car,1
6827,car,4
6830,car,1
6830,person,1
6833,car,1
6834,car,3
6835,car,2
6836,car,1
6839,car,2
6843,car,3
6844,car,1
6845,bus,1
6848,car,1
6852,car,2
6862,car,1
6863,car,3
6864,car,2
6865,car,1
6866,car,1
6867,car,1
6868,truck,1
6874,car,1
6876,car,2
6877,car,4
6878,car,1
6879,bus,1
6879,car,2
6880,car,1
6882,car,1
6890,car,2
6891,car,1
6892,car,1
6897,car,2
6899,car,1
6900,car,1
6902,car,1
6903,car,2
6904,car,1
6905,car,1
6906,car,1
6908,car,1
6909,car,1
6913,bus,1
6914,car,2
6915,car,1
6916,car,2
6917,car,1
6918,car,2
6919,car,4
6920,car,2
6922,car,1
6929,car,1
6931,car,1
6932,car,1
6933,car,1
6937,car,2
6938,car,1
6942,car,1
6949,bus,1
6949,car,1
6951,car,1
6954,car,1
6957,car,2
6961,car,1
6962,car,1
6966,car,1
6968,car,1
6970,car,3
6971,car,2
6972,car,2
6973,car,1
6974,car,2
6975,truck,1
6976,car,2
6977,car,1
6978,car,5
6982,car,2
6982,person,2
6986,car,4
6989,car,1
6990,car,1
6991,car,1
6992,car,1
6994,car,1
6998,car,4
7001,car,1
7004,car,1
7005,car,2
7008,car,1
7008,person,1
7017,car,5
7018,car,3
7020,car,1
7021,car,2
7022,car,1
7025,car,1
7026,car,3
7028,car,1
7031,car,4
7032,car,3
7035,car,1
7036,car,2
7037,car,3
7038,car,5
7043,car,1
7044,car,2
7045,car,1
7054,car,1
7055,car,1
7056,car,3
7058,car,2
7065,car,1
7066,car,1
7072,car,2
7075,car,1
7076,car,2
7078,car,1
7080,train,1
7081,car,2
7085,car,1
7091,car,1
7092,car,1
7096,car,1
7098,car,1
7102,car,1
7103,car,1
7104,car,2
7107,car,1
7109,car,2
7111,car,1
7113,car,1
7116,car,2
7119,car,3
7120,car,1
7121,car,1
7122,truck,1
7123,car,1
7125,car,1
7126,car,3
7128,car,4
7131,car,1
7132,car,1
7133,car,2
7135,car,1
7137,car,4
7138,car,1
7141,car,1
7143,car,2
7144,car,3
7146,car,1
7148,bus,1
7148,car,1
7150,car,1
7151,car,1
7155,car,1
7156,car,1
7160,car,1
7161,car,2
7169,car,1
7173,truck,1
7175,car,2
7177,car,1
7178,person,1
7179,car,2
7180,car,1
7181,car,1
7181,person,1
7182,car,2
7183,car,2
7184,car,2
7187,car,2
7188,car,1
7191,car,5
7196,car,1
7197,car,1
7199,car,1
7207,car,2
7209,car,5
7210,car,5
7212,car,3
7215,car,1
7215,truck,1
7216,car,1
7218,car,1
7221,car,1
7223,car,2
7225,car,1
7226,car,1
7227,car,2
7228,car,1
7229,car,3
7230,car,1
7233,car,2
7234,car,2
7240,car,2
7241,person,2
7243,car,2
7244,car,1
7246,car,1
7248,car,1
7250,car,2
7251,car,1
7252,truck,1
7258,car,1
7259,car,1
7262,car,2
7263,car,1
7267,car,2
7267,person,1
7268,car,1
7269,car,1
7273,bus,1
7273,car,1
7274,car,2
7277,car,3
7278,car,1
7280,truck,1
7285,person,1
7286,car,1
7294,car,2
7295,car,2
7296,car,1
7298,car,1
7299,car,2
7300,car,2
7301,car,1
7305,car,1
7306,car,1
7306,person,1
7307,car,3
7315,car,1
7316,car,1
7321,car,1
7326,car,1
7328,car,2
7329,car,1
7331,car,1
7332,car,1
7336,car,1
7337,car,1
7338,car,1
7344,car,2
7346,car,1
7349,car,2
7350,car,2
7353,person,1
7356,car,2
7367,car,1
7370,car,2
7371,bus,1
7371,car,1
7372,car,1
7373,car,2
7374,car,1
7376,car,1
7378,car,2
7383,car,1
7384,car,2
7385,car,1
7389,car,1
7392,car,1
7393,car,1
7395,car,1
7399,car,1
7402,car,3
7403,car,2
7404,car,3
7409,car,1
7415,car,2
7416,car,1
7417,car,1
7419,car,3
7420,car,2
7421,car,1
7424,car,1
7430,car,1
7432,car,2
7437,car,1
7439,car,1
7440,car,1
7441,car,2
7442,car,1
7442,truck,1
7444,car,1
7445,car,1
7447,car,1
7450,car,1
7456,car,2
7457,car,4
7458,car,2
7461,car,1
7462,car,2
7466,car,1
7467,car,2
7469,car,1
7470,car,1
7472,car,1
7474,car,1
7475,car,1
7477,car,1
7477,truck,1
7478,car,3
7480,car,3
7481,car,1
7483,car,1
7485,car,1
7489,car,1
7491,car,2
7492,car,2
7493,car,1
7494,car,1
7496,car,1
7497,car,1
7498,car,2
7499,car,1
7504,car,1
7505,car,1
7507,car,3
7508,car,1
7510,car,1
7511,car,2
7512,car,2
7515,car,3
7517,car,2
7521,car,1
7525,car,1
7526,car,1
7527,car,2
7539,car,2
7540,car,5
7543,car,1
7547,truck,1
7548,car,2
7550,car,4
7552,car,1
7553,car,1
7554,car,1
7555,car,1
7562,car,2
7564,car,3
7565,car,1
7574,car,1
7574,person,1
7575,person,1
7577,car,2
7578,car,1
7580,car,1
7583,car,1
7584,car,3
7587,car,4
7588,car,6
7589,car,1
7591,car,4
7592,car,5
7595,car,1
7596,car,2
7597,car,1
7598,car,1
7601,car,5
7602,car,3
7604,car,1
7612,car,1
7615,car,1
7617,car,2
7620,car,1
7624,car,2
7639,car,2
7640,car,3
7643,person,1
7646,car,1
7648,car,1
7652,car,4
7653,car,4
7654,car,5
7654,person,1
7655,car,1
7656,car,1
7656,person,1
7658,car,1
7659,car,1
7661,car,2
7662,car,1
7664,car,1
7667,car,1
7668,car,3
7670,car,2
7670,person,1
7671,car,1
7674,car,1
7676,car,1
7678,car,1
7686,car,1
7688,car,1
7689,car,1
7690,person,1
7690,truck,1
7691,car,2
7692,car,1
7698,car,1
7705,car,1
7712,person,1
7715,car,3
7720,car,2
7722,car,1
7724,car,3
7726,car,1
7727,car,1
7728,car,3
7732,car,1
7732,truck,1
7734,car,2
7739,car,2
7740,car,2
7746,car,1
7747,car,1
7748,car,1
7751,car,1
7754,car,2
7756,car,1
7761,car,1
7769,car,3
7773,car,2
7774,car,2
7777,car,1
7777,person,1
7780,car,1
7780,person,1
7781,car,2
7782,car,1
7785,car,1
7786,car,2
7788,car,2
7789,car,3
7789,person,2
7790,car,1
7791,car,1
7792,car,1
7795,car,3
7796,car,1
7799,car,2
7800,car,1
7802,car,1
7803,car,1
7803,truck,1
7804,car,1
7806,car,2
7811,car,1
7812,car,1
7813,car,1
7816,car,2
7817,car,1
7818,car,1
7819,car,1
7820,truck,1
7821,car,1
7823,car,1
7831,car,2
7838,car,1
7839,car,1
7841,car,2
7842,car,2
7847,car,2
7851,car,1
7852,car,4
7857,car,1
7858,car,1
7859,car,1
7868,car,2
7870,person,1
7872,car,4
7873,car,1
7875,person,1
7876,car,1
7878,car,2
7879,car,2
7882,car,2
7884,car,2
7885,car,2
7886,car,4
7887,car,2
7888,car,2
7889,car,1
7890,car,1
7893,car,2
7895,car,1
8001,car,1
8002,car,2
8002,truck,1
8003,car,3
8004,car,1
8007,car,4
8009,bus,2
8010,person,1
8013,car,3
8016,car,1
8017,car,3
8018,car,2
8019,car,4
8020,car,5
8021,car,4
8023,car,1
8027,car,1
8028,car,1
8029,car,1
8030,car,1
8031,car,1
8032,car,1
8035,car,4
8036,car,5
8037,car,3
8038,car,5
8039,car,1
8040,car,2
8047,car,2
8048,car,3
8049,car,1
8049,truck,1
8050,bus,1
8051,person,1
8052,car,2
8053,car,1
8053,person,1
8057,car,2
8058,car,3
8061,car,2
8062,car,2
8063,car,3
8064,car,3
8065,car,1
8066,car,2
8068,car,1
8069,car,1
8070,car,1
8071,car,1
8072,car,3
8074,car,2
8076,car,1
8079,car,3
8080,car,1
8082,car,1
8084,car,5
8087,car,5
8088,car,5
8089,car,2
8090,truck,1
8091,car,1
8092,car,1
8093,car,3
8094,car,4
8095,car,2
8096,car,1
8096,person,1
8097,car,1
8098,car,2
8099,car,1
8099,truck,1
8100,car,1
8101,car,1
8102,car,2
8102,truck,1
8105,car,5
8106,car,4
8108,car,1
8109,person,1
8114,car,1
8115,car,4
8116,car,5
8117,car,1
8118,car,2
8119,car,1
8120,car,1
8121,car,2
8123,car,1
8127,car,1
8128,car,1
8129,car,1
8130,car,1
8135,car,2
8137,car,2
8138,car,1
8138,truck,1
8141,person,1
8142,bus,1
8143,car,2
8144,car,2
8145,car,1
8146,car,2
8147,car,1
8148,car,2
8148,motorbike,1
8149,car,3
8150,car,3
8151,car,3
8152,car,2
8153,car,2
8156,car,1
8159,motorbike,1
8161,truck,1
8162,car,1
8163,car,3
8164,car,3
8166,car,8
8167,car,1
8168,car,1
8168,person,1
8171,car,2
8172,car,1
8173,car,1
8174,car,2
8176,car,4
8179,car,2
8180,car,2
8181,car,3
8183,car,2
8186,car,3
8187,car,3
8188,car,1
8189,car,2
8190,car,5
8191,car,2
8191,person,1
8195,car,1
8196,car,2
8197,car,2
8198,car,2
8198,person,1
8199,car,1
8201,car,1
8202,car,2
8202,truck,1
8203,car,1
8204,car,1
8205,car,1
8206,car,5
8207,car,1
8208,car,2
8210,car,1
8212,car,1
8213,car,2
8213,train,1
8214,car,2
8215,car,1
8217,car,3
8218,car,4
8219,car,3
8220,car,1
8220,person,3
8222,car,3
8225,car,4
8226,car,2
8227,car,3
8228,car,2
8229,car,3
8230,car,6
8231,car,3
8232,car,3
8235,car,1
8237,car,1
8238,car,1
8239,car,1
8241,car,1
8243,car,1
8246,car,3
8247,car,1
8248,car,1
8251,car,1
8252,car,1
8253,car,2
8254,car,1
8256,car,1
8257,car,1
8260,car,1
8261,car,3
8262,car,1
8263,car,5
8264,car,1
8266,car,2
8267,person,2
8268,person,1
8269,car,1
8270,car,1
8271,car,1
8272,car,1
8273,bus,1
8273,car,1
8273,motorbike,1
8274,car,4
8276,car,1
8277,car,3
8278,car,1
8279,car,2
8280,car,2
8281,car,2
8282,car,3
8283,car,2
8285,person,1
8287,car,2
8287,person,1
8288,car,3
8290,car,1
8295,car,1
8295,truck,1
8298,car,2
8301,car,1
8302,car,5
8304,car,1
8307,car,3
8310,car,2
8313,car,4
8314,car,2
8315,car,2
8315,truck,1
8316,car,2
8317,car,3
8318,car,2
8319,car,1
8320,car,1
8321,car,2
8322,person,1
8323,car,2
8324,car,4
8325,car,1
8326,bus,1
8327,car,1
8328,car,3
8328,truck,1
8329,car,1
8331,car,2
8332,bus,1
8332,car,2
8333,car,2
8333,person,1
8334,car,1
8334,person,1
8337,car,1
8338,car,2
8339,car,1
8344,car,2
8345,car,2
8347,car,3
8348,car,2
8349,car,3
8353,car,2
8354,car,1
8355,car,3
8356,car,3
8356,person,1
8357,car,3
8358,car,5
8359,car,1
8360,car,1
8361,car,1
8361,truck,2
8362,car,2
8363,car,4
8365,car,2
8367,person,1
8369,car,1
8372,car,2
8373,car,1
8374,car,2
8376,car,1
8377,car,2
8378,car,3
8382,car,1
8383,car,2
8384,car,1
8386,car,2
8389,car,1
8390,bicycle,1
8391,car,5
8392,car,3
8393,car,2
8394,car,2
8395,bus,1
8395,car,1
8396,truck,1
8397,car,2
8398,car,3
8400,car,1
8401,car,2
8405,car,1
8406,person,1
8407,person,1
8408,person,2
8409,car,2
8410,car,1
8411,car,4
8411,person,1
8412,car,3
8413,truck,1
8415,car,2
8416,car,1
8421,car,3
8422,car,2
8423,bicycle,1
8424,car,2
8425,car,4
8426,car,4
8427,bicycle,1
8427,person,2
8428,bus,1
8428,car,1
8432,car,1
8433,car,1
8434,car,2
8435,car,4
8436,car,4
8437,car,4
8438,car,4
8439,person,1
8440,car,2
8440,person,2
8441,car,1
8442,car,3
8443,person,1
8444,car,1
8446,bus,1
8446,car,1
8448,person,1
8452,car,1
8453,car,5
8454,car,6
8455,car,2
8456,car,1
8460,car,4
8463,car,3
8464,car,4
8465,car,1
8467,car,2
8468,car,3
8469,car,1
8470,car,1
8474,car,1
8475,car,1
8476,car,2
8478,car,8
8480,car,3
8481,car,1
8482,car,1
8483,car,1
8484,car,3
8486,car,4
8487,car,2
8488,car,3
8489,car,1
8489,person,1
8490,car,5
8495,car,1
8497,car,1
8497,person,1
8499,car,2
8500,car,1
8501,car,5
8502,car,2
8504,car,1
8505,car,3
8506,car,3
8506,person,1
8508,car,1
8509,car,2
8512,car,3
8514,car,3
8517,car,1
8519,car,5
8520,car,3
8521,car,1
8522,car,1
8524,car,1
8525,car,1
8526,bicycle,1
8526,car,1
8527,car,2
8529,car,2
8530,car,2
8531,car,1
8531,person,2
8537,car,1
8538,truck,1
8539,car,2
8540,truck,1
8541,car,1
8542,car,4
8543,car,1
8545,car,3
8546,car,3
8547,car,3
8549,car,2
8550,car,1
8552,car,2
8553,car,1
8554,car,3
8555,car,4
8556,car,5
8558,car,1
8559,car,1
8561,car,1
8564,car,1
8565,car,2
8566,bicycle,1
8566,car,3
8570,car,2
8571,car,1
8572,car,1
8574,car,1
8575,car,1
8577,car,1
8579,car,2
8580,car,1
8581,car,1
8582,car,2
8587,car,2
8589,person,1
8590,car,1
8591,car,5
8592,car,1
8593,car,2
8594,car,2
8596,car,1
8598,car,4
8599,car,2
8600,car,3
8601,car,5
8602,car,4
8603,car,2
8604,person,1
8606,car,1
8609,car,1
8610,car,2
8613,car,1
8614,car,2
8615,car,1
8616,car,1
8619,car,1
8620,car,5
8621,car,1
8622,car,4
8622,person,1
8626,car,1
8628,car,4
8629,car,2
8630,car,3
8631,car,2
8632,car,1
8634,car,1
8635,car,1
8639,car,2
8639,truck,1
8640,car,2
8642,person,2
8643,car,2
8644,car,3
8646,car,1
8648,car,2
8651,car,2
8656,car,1
8657,car,1
8658,car,4
8659,car,2
8660,car,1
8661,car,2
8663,car,2
8664,car,1
8665,car,4
8666,car,3
8667,car,2
8670,car,3
8671,car,2
8672,car,4
8673,car,2
8675,car,2
8676,car,2
8679,car,1
8681,car,2
8684,car,4
8686,car,2
8687,car,2
8689,person,1
8690,person,2
8691,bicycle,1
8691,car,3
8693,car,1
8695,person,1
8696,car,2
8697,car,2
8698,car,1
8699,car,2
8700,car,2
8703,car,1
8705,car,1
8707,car,2
8708,car,1
8709,car,1
8710,car,2
8711,car,1
8712,car,2
8714,car,1
8715,car,1
8716,car,1
8718,truck,1
8719,car,2
8721,car,1
8722,car,2
8724,bicycle,1
8724,car,2
8726,car,1
8727,bicycle,1
8727,car,1
8729,car,1
8730,car,2
8731,car,2
8732,car,2
8733,car,1
8734,car,2
8735,car,3
8736,car,2
8737,car,1
8740,car,1
8742,car,1
8743,car,1
8744,bicycle,1
8745,car,1
8746,car,3
8749,car,2
8749,person,1
8751,bicycle,2
8751,car,1
8751,person,2
8752,car,1
8752,person,1
8754,car,2
8755,car,2
8756,car,2
8757,car,2
8758,car,3
8760,car,1
8761,car,3
8762,car,1
8764,car,2
8765,car,1
8766,car,1
8766,truck,1
8770,car,1
8772,car,3
8775,car,3
8776,car,3
8777,car,1
8780,car,1
8782,car,1
8783,car,2
8784,car,2
8784,person,1
8785,car,4
8786,car,1
8787,person,1
8788,bicycle,1
8789,car,1
8792,car,2
8793,car,2
8793,person,2
8794,car,4
8795,car,4
8796,car,2
8798,car,2
8799,car,4
8800,car,3
8801,car,3
8802,car,2
8803,car,2
8804,car,3
8805,person,2
8806,car,3
8808,car,4
8809,car,1
8810,car,2
8810,motorbike,1
8811,car,1
8812,car,1
8813,car,3
8814,person,1
8815,car,3
8816,car,4
8818,car,1
8818,person,2
8819,car,1
8822,car,2
8823,car,1
8826,car,5
8829,bus,1
8829,car,1
8830,car,1
8831,truck,1
8835,car,3
8836,car,5
8837,person,1
8838,car,1
8838,truck,1
8840,car,1
8841,car,2
8845,car,3
8846,car,4
8848,car,1
8849,car,2
8850,car,1
8851,car,2
8852,car,2
8853,car,1
8853,person,3
8854,car,1
8854,person,1
8855,car,1
8856,car,3
8857,car,1
8860,car,2
8862,car,3
8863,car,1
8864,car,4
8865,car,2
8867,car,3
8868,car,7
8870,car,1
8871,car,2
8872,car,3
8873,bicycle,1
8873,car,1
8873,person,1
8875,car,1
8876,car,2
8878,car,1
8879,car,4
8880,car,3
8881,car,2
8882,car,1
8886,car,1
8887,car,1
8887,person,1
8889,car,1
8891,car,4
8893,car,2
8894,car,2
8895,car,1
8897,car,2
8898,truck,1
8899,car,2
8900,car,1
8901,car,3
8902,car,4
8906,car,3
8907,car,2
8908,car,3
8909,car,2
8910,car,3
8911,car,4
8912,car,5
8914,car,1
8915,car,1
8916,car,3
8919,person,3
8920,person,2
8923,car,1
8924,car,4
8925,truck,1
8926,car,3
8927,car,1
8928,car,2
8929,car,1
8929,person,1
8930,bicycle,1
8930,car,2
8932,car,1
8934,car,2
8935,car,2
8936,car,1
8937,car,1
8938,person,1
8939,car,2
8940,car,3
8941,car,1
8942,car,1
8942,person,1
8946,car,3
8947,car,1
8948,car,2
8949,car,1
8955,car,2
8956,car,2
8959,car,2
8960,car,2
8964,car,1
8965,car,2
8969,car,1
8970,car,1
8971,car,2
8972,car,2
8973,car,2
8974,car,1
8975,car,1
8976,car,1
8976,person,1
8977,car,4
8977,person,1
8978,car,5
8979,car,2
8980,car,3
8981,car,3
8982,car,3
8985,car,3
8986,car,2
8987,person,1
8989,car,3
8990,car,3
8991,car,1
8992,car,2
8993,car,1
8993,person,2
8996,car,2
8999,car,1
9000,car,1
9001,car,1
9002,car,2
9003,car,3
9004,car,5
9006,person,1
9009,car,1
9010,car,3
9011,car,3
9012,car,1
9014,car,1
9015,car,1
9016,car,2
9019,car,1
9020,car,2
9021,car,2
9023,car,2
9025,bicycle,1
9025,car,1
9025,person,1
9026,car,1
9026,person,1
9029,car,1
9030,car,1
9032,person,1
9033,car,1
9034,car,3
9035,person,1
9036,car,1
9037,car,2
9041,car,2
9041,person,1
9042,car,1
9043,car,2
9045,car,1
9046,car,2
9048,car,3
9049,car,1
9051,car,2
9053,car,1
9054,car,1
9055,car,1
9056,car,1
9058,person,1
9059,car,1
9060,car,2
9062,car,1
9063,car,1
9064,car,1
9066,car,3
9067,car,1
9068,car,2
9069,car,1
9070,car,1
9071,car,1
9075,car,5
9076,car,6
9077,car,1
9079,car,2
9081,car,1
9082,car,3
9082,person,1
9083,car,1
9085,car,1
9087,car,1
9088,car,3
9089,car,4
9090,car,3
9092,car,2
9093,car,2
9094,car,3
9095,car,2
9096,car,2
9099,car,2
9100,bus,1
9101,car,2
9102,car,1
9103,car,1
9106,car,1
9106,person,1
9107,car,1
9108,car,1
9111,car,2
9112,car,1
9117,car,2
9119,car,1
9121,car,2
9122,car,3
9125,car,1
9126,car,1
9127,car,4
9128,car,1
9132,car,4
9133,car,2
9134,car,3
9137,car,5
9138,car,3
9140,car,1
9141,car,5
9142,car,2
9144,car,1
9145,car,1
9146,car,3
9151,car,2
9153,car,3
9155,person,1
9156,car,3
9157,car,1
9157,person,1
9158,car,1
9160,car,3
9161,car,2
9161,person,2
9162,car,2
9163,car,3
9163,person,2
9164,car,5
9165,car,1
9166,car,1
9167,car,4
9168,car,3
9169,car,2
9170,car,2
9171,car,2
9172,car,2
9173,car,3
9174,car,3
9177,car,5
9178,car,2
9179,car,1
9180,car,4
9182,car,1
9185,car,2
9186,car,1
9187,car,4
9187,person,1
9188,car,4
9189,car,1
9190,car,1
9191,car,5
9192,car,1
9193,car,3
9194,car,3
9195,car,1
9196,car,1
9197,car,3
9198,car,1
9199,car,3
9199,person,1
9200,car,4
9201,car,3
9202,car,3
9203,car,4
9204,car,3
9206,car,2
9207,car,1
9208,car,3
9209,car,4
9210,car,1
9211,car,1
9212,car,2
9213,car,6
9214,car,2
9215,car,2
9216,car,2
9218,car,2
9220,car,1
9220,person,1
9222,car,2
9223,bicycle,1
9226,car,1
9227,bicycle,1
9231,car,5
9232,car,6
9233,car,2
9235,car,5
9236,car,3
9238,car,2
9241,car,3
9242,car,2
9245,car,1
9248,car,1
9250,car,1
9251,car,2
9252,car,1
9253,car,3
9253,person,2
9254,car,1
9254,truck,1
9255,car,2
9256,car,2
9257,car,4
9258,car,3
9260,car,3
9261,car,1
9263,car,2
9264,car,5
9265,car,2
9266,car,2
9268,car,2
9269,car,1
9270,person,1
9271,car,3
9272,car,6
9274,car,1
9274,truck,1
9275,car,2
9276,truck,1
9277,car,1
9278,car,1
9279,car,3
9280,car,3
9282,car,5
9284,car,1
9286,car,3
9288,car,1
9289,car,1
9290,person,1
9291,car,3
9291,truck,1
9292,car,2
9293,car,2
9294,car,1
9295,car,2
9296,car,2
9298,car,2
9299,car,1
9300,car,1
9302,car,3
9306,car,1
9311,car,2
9312,car,2
9313,car,1
9314,car,1
9316,car,3
9317,car,1
9318,car,1
9319,car,4
9320,car,4
9321,car,2
9324,car,1
9325,car,1
9327,car,2
9330,car,1
9331,car,1
9332,car,4
9333,car,2
9334,person,1
9335,car,5
9336,car,5
9337,car,2
9337,person,1
9338,car,1
9339,car,1
9340,car,1
9342,car,1
9343,car,1
9344,car,1
9347,car,1
9348,car,1
9349,car,1
9350,car,1
9351,car,2
9352,car,4
9353,car,1
9354,car,1
9356,car,3
9357,car,1
9358,car,1
9359,car,1
9360,car,1
9361,car,1
9362,car,4
9363,car,1
9364,car,2
9364,person,2
9365,car,1
9366,car,2
9367,car,1
9368,car,1
9369,bicycle,1
9369,car,2
9370,car,2
9371,car,2
9372,car,3
9373,car,2
9374,car,1
9375,car,1
9376,car,3
9377,car,1
9378,car,2
9379,car,2
9380,car,3
9381,car,1
9382,car,3
9382,truck,1
9383,car,1
9384,car,1
9386,car,1
9387,car,2
9388,car,1
9388,truck,1
9389,car,4
9390,person,3
9391,car,1
9392,car,4
9393,car,3
9394,car,1
9395,car,2
9396,car,5
9397,car,2
9398,car,2
9399,car,4
9400,car,2
9402,car,2
9403,car,4
9403,person,1
9404,car,3
9405,car,1
9406,car,1
9407,car,1
9408,car,2
9409,car,2
9410,car,3
9415,car,2
9416,car,5
9417,car,1
9418,car,6
9419,car,1
9421,car,1
9422,car,1
9424,car,2
9427,car,3
9428,car,2
9429,car,2
9429,motorbike,1
9431,car,2
9432,car,3
9434,car,1
9435,bicycle,1
9435,car,2
9436,car,1
9437,car,3
9438,car,3
9441,car,2
9442,bus,1
9442,car,5
9442,person,1
9443,car,3
9444,truck,1
9445,car,1
9446,car,4
9448,car,4
9449,car,2
9450,car,1
9451,car,2
9453,car,6
9454,car,1
9454,person,1
9455,car,1
9457,car,4
9458,car,1
9460,car,2
9461,car,1
9462,car,3
9463,car,3
9464,car,2
9464,truck,1
9465,bus,1
9467,car,4
9468,car,1
9469,car,3
9470,car,4
9472,car,1
9473,car,1
9474,car,1
9475,car,2
9476,car,1
9477,car,5
9478,car,5
9479,car,2
9484,person,1
9485,car,6
9487,car,3
9488,car,4
9491,car,4
9492,car,3
9493,car,4
9494,car,3
9494,person,1
9495,car,1
9496,car,2
9498,car,1
9500,car,1
9501,car,1
9502,car,3
9505,car,2
9506,car,3
9508,car,2
9509,car,5
9510,car,2
9511,car,1
9512,car,3
9512,person,1
9513,car,1
9516,car,1
9518,car,1
9519,car,1
9519,person,1
9520,person,1
9521,car,2
9525,car,1
9525,person,1
9526,car,1
9528,car,2
9530,car,1
9531,car,2
9532,car,5
9533,car,3
9533,person,2
9534,car,1
9534,person,1
9535,car,1
9536,car,3
9537,car,2
9538,car,2
9541,car,6
9542,car,2
9543,car,1
9544,car,2
9544,truck,1
9546,car,1
9547,car,1
9548,car,1
9549,car,1
9550,car,4
9551,car,1
9552,car,2
9554,car,1
9555,car,1
9556,car,1
9557,car,1
9557,truck,1
9558,car,2
9561,car,4
9562,truck,2
9563,car,1
9564,car,1
9565,car,3
9566,car,1
9566,person,1
9567,car,1
9569,car,3
9571,car,1
9572,car,2
9576,car,3
9577,car,2
9578,car,2
9580,car,2
9583,car,3
9584,car,1
9586,car,1
9587,person,1
9588,car,1
9590,car,2
9591,car,7
9592,car,1
9595,car,3
9596,car,6
9599,car,1
9601,car,2
9602,car,2
9603,car,1
9604,car,1
9608,car,1
9610,car,2
9614,car,1
9615,car,1
9615,person,1
9616,car,2
9616,motorbike,1
9619,car,4
9620,car,2
9621,car,2
9622,car,3
9623,car,1
9626,car,2
9627,car,2
9628,car,1
9631,car,3
9633,car,2
9634,car,1
9635,car,4
9635,person,1
9636,car,4
9637,car,3
9638,car,1
9639,car,1
9639,truck,1
9640,car,1
9641,car,2
9641,motorbike,1
9644,car,1
9645,car,1
9646,car,1
9647,car,1
9649,bicycle,1
9649,person,1
9651,car,2
9652,car,2
9653,car,4
9657,car,1
9658,car,1
9659,car,1
9660,car,3
9662,car,1
9664,car,1
9665,car,6
9666,car,4
9667,car,2
9668,car,3
9669,car,3
9670,car,3
9671,car,2
9672,car,3
9673,car,2
9674,car,2
9676,car,3
9679,car,4
9680,car,4
9683,car,3
9684,car,7
9685,car,1
9687,car,2
9688,car,1
9690,car,1
9691,car,2
9699,person,1
9700,car,3
9701,car,1
9702,car,3
9704,car,1
9705,car,6
9706,car,4
9707,car,3
9709,car,1
9710,car,2
9711,car,3
9713,bicycle,1
9713,car,1
9714,car,3
9715,car,3
9717,car,1
9718,car,2
9719,truck,1
9720,car,2
9730,car,1
9731,bicycle,1
9732,car,1
9732,person,1
9733,car,1
9734,car,2
9735,car,3
9736,car,2
9737,car,1
9738,car,2
9741,car,4
9742,car,4
9743,car,2
9746,car,3
9747,car,1
9747,person,1
9748,car,1
9748,person,1
9751,car,1
9751,truck,2
9752,car,3
9754,car,1
9755,car,3
9757,car,3
9759,car,1
9762,car,2
9764,car,1
9765,car,1
9768,car,2
9769,car,4
9770,bicycle,1
9770,car,2
9770,person,1
9771,car,1
9772,car,1
9773,car,1
9774,car,3
9775,car,1
9778,car,1
9779,car,2
9781,car,2
9782,car,1
9783,car,4
9784,truck,1
9785,car,2
9786,car,2
9787,car,1
9788,car,1
9789,car,4
9791,car,1
9792,car,1
9795,car,5
9796,car,5
9798,car,1
9799,car,2
9800,car,3
9801,car,1
9802,car,1
9805,bus,2
9806,car,2
9806,person,1
9808,car,1
9809,person,1
9811,car,2
9812,car,1
9813,car,3
9814,car,3
9817,car,1
9818,car,1
9819,car,2
9820,car,3
9821,car,5
9822,car,4
9823,bicycle,2
9823,person,2
9824,person,1
9825,car,3
9826,car,4
9828,car,1
9829,car,2
9830,car,1
9832,car,2
9834,car,1
9835,car,3
9836,car,2
9837,car,4
9838,car,2
9842,car,1
9843,car,1
9846,car,1
9847,car,1
9848,car,2
9849,car,1
9853,car,2
9854,car,1
9855,car,2
9856,truck,1
9857,car,1
9858,car,1
9859,car,1
9861,car,3
9862,car,1
9865,car,2
9866,car,5
9869,car,1
9869,person,1
9870,car,2
9870,person,1
9872,car,2
9873,car,4
9875,car,1
9876,car,2
9877,car,1
9878,car,1
9879,car,3
9880,car,2
9881,car,6
9882,car,4
9883,car,1
9888,car,2
9889,car,4
9891,car,3
9894,car,1
9895,car,3
9896,car,5
9897,car,1
9901,car,1
9902,car,2
9905,car,4
9906,car,3
9907,car,3
9907,person,1
9908,car,1
9908,person,1
9909,car,1
9910,car,1
9911,car,1
9912,car,4
9915,car,1
9917,car,3
9917,truck,1
9918,car,3
9921,car,1
9922,car,1
9923,car,1
9924,car,3
9928,car,3
9928,truck,1
9929,car,2
9930,car,2
9933,car,2
9934,car,3
9935,car,1
9936,car,1
9937,car,2
9938,car,3
9939,bicycle,1
9939,car,1
9940,car,1
9941,car,1
9942,bicycle,1
9942,car,3
9943,car,4
9944,car,2
9946,car,2
9947,car,5
9948,car,4
9949,car,2
9949,truck,1
9950,car,3
9952,car,2
9953,car,3
9954,car,3
9955,car,1
9957,car,1
9958,car,1
9959,car,3
9960,car,1
9961,car,1
9963,car,1
9964,car,2
9965,car,3
9966,car,2
9967,car,2
9968,car,1
9969,car,3
9970,car,2
9971,car,2
9972,car,3
9973,bus,1
9975,car,1
9975,person,2
9976,car,1
9978,car,2
9979,car,1
9981,truck,1
9983,car,1
9984,car,1
9986,car,2
9987,car,1
9988,car,2
9989,car,2
9990,car,1
9991,car,2
9991,person,1
9993,car,3
9997,car,1
9998,car,3
9999,car,1
10001,car,4
10004,car,1
10007,car,1
10008,car,1
10012,car,1
10014,car,4
10016,car,1
10020,truck,1
10021,car,3
10022,car,1
10029,car,1
10030,car,2
10032,car,1
10033,car,2
10034,car,1
10035,car,1
10036,car,1
10038,car,1
10039,car,3
10040,car,4
10041,car,4
10042,car,3
10043,car,1
10045,car,2
10046,car,2
10047,car,2
10048,car,3
10049,car,2
10050,car,4
10051,car,1
10053,car,4
10055,car,2
10056,car,1
10058,car,1
10059,car,2
10060,car,1
10061,car,1
10063,car,3
10064,car,1
10065,car,1
10068,car,2
10071,car,1
10075,car,3
10076,car,2
10077,car,2
10078,car,1
10079,car,1
10082,car,1
10083,car,1
10087,car,1
10088,car,1
10092,car,2
10094,car,2
10095,car,1
10096,car,2
10097,car,5
10098,car,2
10101,car,1
10102,car,1
10103,car,2
10104,car,2
10105,car,1
10106,car,3
10107,car,2
10108,car,3
10109,car,1
10109,person,1
10111,car,1
10117,car,2
10118,car,2
10119,car,2
10121,car,1
10123,car,2
10124,car,2
10125,car,2
10127,car,2
10131,car,1
10132,car,2
10136,car,1
10137,car,1
10138,car,2
10139,car,2
10140,car,3
10143,car,1
10145,car,2
10147,car,1
10149,bus,1
10151,car,3
10152,car,1
10153,car,3
10154,car,3
10155,car,1
10158,car,2
10159,car,3
10160,car,3
10160,person,1
10161,car,1
10165,car,1
10166,car,1
10170,car,1
10172,car,1
10174,car,3
10175,car,1
10176,car,1
10178,car,2
10179,car,1
10180,car,3
10181,car,1
10186,car,1
10190,car,1
10191,car,2
10192,car,1
10193,car,3
10194,car,1
10195,car,2
10196,car,2
10197,car,1
10199,car,5
10200,person,2
10206,car,2
10207,car,4
10207,truck,1
10208,car,5
10212,car,1
10219,car,2
10220,car,2
10223,car,2
10225,car,1
10225,person,1
10229,car,1
10230,car,1
10231,car,2
10233,car,1
10234,car,2
10235,car,1
10237,car,1
10238,car,2
10239,car,4
10241,car,2
10242,car,1
10243,car,2
10244,car,3
10245,car,2
10246,car,3
10247,car,3
10251,car,3
10253,car,2
10254,car,1
10255,car,1
10256,car,2
10256,truck,1
10257,car,1
10258,car,1
10265,car,1
10270,car,2
10271,car,1
10272,car,2
10273,car,2
10274,car,1
10277,car,1
10279,car,1
10281,car,1
10282,car,1
10285,car,1
10286,car,4
10287,car,2
10288,car,2
10289,car,2
10290,car,1
10291,car,1
10292,car,2
10292,person,2
10295,car,3
10296,car,2
10298,car,1
10300,car,1
10303,car,2
10305,car,3
10305,person,1
10306,car,2
10307,car,1
10308,car,1
10311,car,1
10311,person,2
10312,car,1
10312,person,2
10313,car,1
10313,person,2
10316,car,1
10317,car,1
10318,car,1
10319,car,1
10319,truck,1
10323,car,3
10324,person,1
10325,car,1
10327,car,3
10329,car,1
10337,car,2
10343,car,3
10345,car,1
10346,car,2
10347,car,1
10349,car,1
10352,car,1
10352,truck,1
10353,car,2
10354,car,2
10358,car,1
10359,car,1
10360,car,1
10361,car,2
10363,car,2
10364,car,1
10365,car,1
10366,car,1
10367,car,1
10368,car,2
10369,truck,1
10370,car,2
10371,car,3
10372,car,1
10373,car,1
10375,car,1
10377,car,2
10378,car,1
10379,car,1
10380,car,1
10381,car,2
10382,car,1
10383,car,2
10384,car,3
10391,car,1
10393,car,2
10395,car,1
10396,car,2
10397,car,4
10398,car,2
10399,car,1
10400,car,1
10401,car,4
10402,car,3
10403,car,3
10404,car,1
10404,person,1
10405,car,4
10406,car,3
10409,car,1
10410,car,3
10413,car,1
10414,car,1
10415,car,2
10416,car,2
10418,car,1
10419,car,1
10420,car,1
10422,car,2
10423,car,1
10424,car,2
10425,car,1
10426,car,2
10427,car,2
10428,car,1
10429,car,1
10430,car,2
10432,car,1
10433,car,2
10434,car,1
10435,car,2
10436,car,2
10438,car,1
10439,car,2
10444,car,3
10445,car,2
10446,car,1
10450,car,1
10451,car,1
10452,car,2
10453,car,1
10454,car,1
10455,car,1
10456,car,1
10458,car,1
10459,car,2
10460,car,2
10461,car,6
10462,car,5
10464,car,1
10465,person,1
10466,car,1
10470,car,1
10471,car,1
10472,car,2
10474,car,1
10478,car,2
10480,car,3
10483,car,1
10485,car,1
10487,car,2
10488,car,1
10489,car,2
10490,car,1
10493,car,2
10494,car,1
10497,car,1
10498,car,3
10499,car,1
10500,car,1
10501,car,4
10502,car,1
10503,car,1
10505,car,2
10506,truck,1
10508,car,2
10509,car,1
10510,truck,1
10511,car,1
10512,car,3
10512,truck,1
10513,car,1
10514,car,2
10515,car,1
10517,car,3
10518,car,1
10519,car,3
10522,car,2
10523,car,3
10524,car,1
10528,car,1
10529,car,3
10530,car,3
10531,car,1
10532,car,3
10538,car,1
10539,car,1
10540,car,2
10541,car,1
10542,car,2
10543,car,4
10544,train,1
10547,car,2
10549,car,2
10554,car,2
10557,car,1
10558,car,1
10561,car,4
10562,car,4
10567,car,1
10568,car,3
10569,car,2
10572,car,2
10573,car,2
10575,car,1
10576,car,2
10579,car,3
10582,car,1
10583,car,5
10583,motorbike,1
10583,person,1
10584,car,4
10585,car,1
10586,car,1
10587,car,1
10588,car,1
10589,car,2
10589,truck,1
10590,car,2
10592,car,1
10593,car,2
10594,car,2
10595,car,1
10596,car,2
10598,car,3
10599,car,2
10600,car,5
10601,car,1
10602,car,2
10603,car,1
10605,car,2
10606,car,3
10607,car,1
10608,car,1
10609,car,1
10610,car,1
10615,car,1
10616,car,5
10620,person,1
10621,car,3
10622,car,1
10624,car,1
10627,car,1
10628,car,4
10629,car,3
10630,car,3
10633,car,2
10639,car,1
10640,car,2
10642,car,1
10646,car,1
10647,car,1
10648,car,2
10649,car,3
10650,car,3
10651,person,1
10653,car,2
10654,car,2
10655,car,1
10656,car,1
10657,car,1
10658,car,2
10659,car,2
10660,car,1
10664,car,3
10664,truck,1
10666,car,1
10668,car,3
10669,car,2
10670,car,2
10672,car,1
10673,car,1
10675,car,1
10676,person,3
10677,car,1
10678,car,1
10679,car,1
10680,car,1
10681,car,2
10683,car,3
10684,car,3
10685,car,1
10686,car,2
10687,car,3
10691,car,2
10692,car,3
10696,car,1
10697,car,1
10698,car,2
10699,car,1
10700,car,3
10701,car,3
10702,car,3
10703,car,5
10704,car,2
10706,car,1
10709,car,1
10710,car,3
10715,car,3
10716,car,1
10717,car,3
10718,car,4
10719,bus,1
10719,car,2
10721,car,3
10722,car,2
10723,car,1
10724,car,1
10725,car,2
10726,car,1
10728,car,3
10730,car,1
10731,car,2
10738,car,3
10739,car,3
10741,car,2
10746,car,2
10749,car,2
10751,car,1
10756,car,1
10757,car,2
10759,car,2
10760,car,3
10761,car,3
10762,car,1
10765,train,1
10769,car,2
10770,car,1
10773,car,2
10777,car,2
10778,car,2
10784,car,2
10785,car,1
10786,car,3
10789,car,1
10793,car,3
10794,car,2
10795,car,1
10796,car,1
10799,person,1
10800,car,2
10801,car,1
10802,car,1
10803,bus,1
10804,car,3
10805,car,3
10806,car,1
10809,car,4
10811,car,1
10812,car,3
10813,car,2
10814,car,1
10814,person,1
10815,car,2
10816,car,1
10817,car,1
10818,car,2
10819,car,1
10819,truck,1
10820,car,1
10821,car,1
10826,car,2
10827,car,1
10828,car,3
10829,car,5
10831,car,1
10835,car,1
10839,truck,1
10841,car,4
10842,car,2
10843,car,2
10844,car,1
10845,car,1
10846,car,1
10847,car,1
10850,car,1
10851,car,1
10851,person,1
10852,car,1
10853,car,2
10854,car,3
10855,car,1
10856,car,3
10857,car,1
10859,car,3
10861,car,1
10864,car,1
10867,car,1
10868,car,2
10873,car,2
10875,car,1
10877,car,1
10878,car,2
10881,car,1
10882,car,1
10883,car,3
10884,car,2
10885,car,1
10886,car,3
10887,car,4
10894,car,1
10895,car,5
10896,car,2
10898,car,1
10899,car,1
10900,car,1
10901,car,2
10902,car,3
10903,car,1
10903,person,1
10904,car,2
10905,car,2
10908,train,1
10910,bus,1
10911,car,1
10912,car,2
10915,car,4
10916,car,3
10918,car,3
10919,car,1
10923,car,1
10924,car,1
10927,car,1
10930,car,1
10932,car,1
10936,car,1
10936,truck,1
10937,car,2
10938,car,3
10940,car,1
10941,car,2
10942,car,1
10948,car,2
10949,car,2
10951,car,2
10953,car,2
10955,car,3
10956,car,2
10957,car,2
10959,car,2
10960,car,1
10961,car,3
10964,car,1
10968,car,1
10971,car,2
10972,car,3
10973,car,3
10974,car,2
10975,car,5
10976,person,1
10977,car,1
10979,car,2
10981,car,2
10988,car,1
10993,car,2
10998,car,2
10999,car,1
11003,car,1
11004,car,1
11005,car,1
11006,car,1
11007,car,4
11008,car,2
11011,car,1
11012,car,1
11017,car,1
11018,car,1
11019,car,1
11020,car,2
11021,car,2
11024,car,2
11027,car,2
11028,car,3
11034,car,1
11035,car,2
11036,car,1
11037,car,1
11038,car,1
11041,car,2
11045,car,1
11046,car,1
11046,person,2
11047,car,4
11048,car,1
11049,car,1
11052,car,2
11055,car,3
11056,car,3
11058,car,1
11061,car,2
11063,car,2
11063,person,1
11066,car,1
11067,bus,1
11067,car,2
11068,car,1
11070,car,1
11071,car,1
11072,car,2
11073,car,1
11074,car,5
11075,car,4
11076,car,1
11080,car,2
11081,car,3
11083,car,2
11084,car,1
11086,person,1
11087,car,1
11091,car,1
11093,bus,1
11093,car,1
11094,person,1
11095,car,1
11095,truck,1
11096,car,3
11098,car,3
11100,car,4
11101,car,5
11102,car,1
11105,car,2
11106,car,2
11107,car,1
11109,car,1
11110,car,2
11111,car,2
11112,car,2
11114,person,1
11114,train,1
11115,car,2
11116,car,2
11116,truck,1
11117,car,1
11119,car,2
11120,car,1
11120,person,1
11123,car,1
11124,car,3
11125,car,1
11126,car,2
11126,truck,1
11129,car,2
11133,car,1
11134,car,2
11135,car,2
11137,car,1
11140,car,1
11141,car,3
11142,car,4
11143,car,4
11144,car,3
11145,car,3
11146,car,1
11147,car,1
11148,car,1
11151,truck,1
11152,car,2
11155,car,2
11158,truck,1
11163,car,1
11164,car,1
11165,car,1
11166,car,2
11167,car,3
11168,car,2
11171,car,2
11172,car,2
11173,car,1
11175,car,2
11176,car,1
11177,car,1
11178,car,2
11179,car,2
11180,car,1
11181,car,6
11182,car,5
11183,car,1
11184,car,1
11187,car,3
11188,car,2
11193,car,1
11194,car,2
11195,car,2
11196,car,5
11197,car,1
11199,car,2
11200,car,3
11201,car,5
11202,car,1
11203,car,1
11204,car,2
11206,car,2
11207,car,2
11207,person,1
11208,car,1
11211,car,1
11212,car,1
11213,car,3
11213,person,1
11214,car,2
11215,car,1
11219,car,3
11220,car,1
11221,car,3
11222,car,3
11224,car,1
11231,car,1
11233,car,2
11233,truck,1
11234,car,1
11237,car,1
11245,car,1
11249,car,1
11253,car,1
11255,car,1
11257,car,4
11259,car,2
11260,car,3
11260,train,1
11261,car,2
11262,car,3
11263,car,1
11264,car,2
11267,car,1
11268,car,3
11269,car,2
11273,car,2
11275,car,3
11276,car,2
11277,car,2
11281,car,1
11283,car,4
11284,car,1
11287,car,2
11291,car,5
11291,truck,1
11292,car,4
11293,car,3
11294,car,3
11295,car,3
11296,car,3
11301,car,1
11302,car,2
11303,car,3
11305,car,1
11306,car,4
11307,car,1
11309,car,1
11310,car,2
11311,car,2
11312,car,1
11313,car,1
11315,car,2
11316,car,3
11317,car,2
11319,car,1
11320,car,1
11320,person,1
11321,car,2
11322,car,1
11323,car,3
11324,car,1
11325,car,1
11327,car,1
11329,car,1
11332,car,2
11333,car,1
11333,truck,1
11334,car,2
11337,car,1
11338,car,1
11339,car,2
11341,car,5
11342,car,3
11342,person,1
11343,truck,1
11344,car,3
11349,car,1
11350,car,3
11351,car,3
11352,car,3
11353,car,1
11354,car,2
11355,car,3
11359,truck,1
11360,car,3
11360,person,1
11363,car,1
11364,car,1
11365,car,1
11366,car,1
11367,car,1
11368,car,2
11369,car,1
11370,car,2
11371,car,1
11372,car,1
11372,truck,1
11373,car,1
11374,car,3
11375,car,1
11376,car,1
11377,car,6
11378,car,4
11379,car,4
11380,car,2
11381,car,1
11384,car,1
11385,car,1
11392,car,2
11393,car,3
11394,car,3
11395,car,2
11396,car,1
11398,car,2
11399,car,5
11400,car,6
11401,car,1
11403,car,3
11404,car,2
11405,car,1
11406,car,1
11412,car,1
11414,car,3
11419,car,1
11421,car,1
11422,car,1
11423,car,3
11424,car,5
11425,car,1
11427,car,1
11428,truck,1
11431,car,2
11432,car,2
11433,car,2
11435,car,2
11437,car,1
11437,person,3
11439,car,2
11441,car,1
11441,truck,1
11442,car,1
11443,car,2
11444,car,1
11445,person,1
11446,car,1
11447,car,3
11448,car,2
11449,car,2
11450,car,4
11451,car,1
11452,car,3
11453,car,1
11457,truck,1
11459,car,1
11460,car,3
11461,car,3
11464,car,2
11467,car,1
11470,car,3
11471,car,3
11472,car,3
11477,car,1
11478,car,2
11482,car,1
11486,car,1
11489,car,3
11490,truck,1
11491,car,2
11494,car,1
11497,car,1
11499,car,4
11500,car,1
11503,car,1
11505,car,3
11506,car,2
11508,car,1
11509,car,2
11510,car,2
11511,car,1
11514,car,3
11516,car,1
11519,car,2
11520,car,1
11521,car,1
11529,car,1
11531,car,2
11531,person,1
11532,car,2
11533,car,2
11534,car,3
11535,car,1
11536,car,1
11537,car,2
11538,car,2
11541,car,1
11542,car,2
11543,car,2
11544,car,2
11545,car,1
11546,car,1
11546,person,2
11549,car,2
11550,car,1
11551,car,2
11552,car,1
11555,car,1
11556,car,3
11557,car,1
11559,car,1
11562,car,2
11563,bus,1
11563,car,1
11568,car,1
11569,car,1
11570,car,1
11571,car,2
11572,car,3
11573,car,1
11576,car,1
11576,person,1
11577,car,1
11578,car,1
11579,car,2
11580,car,1
11581,bus,1
11589,car,2
11590,car,2
11595,car,1
11596,car,2
11597,car,2
11598,car,2
11602,car,1
11603,car,3
11605,car,1
11606,car,2
11610,car,1
11619,car,2
11642,car,3
11652,car,1
11672,car,1
11674,car,2
11677,car,3
11681,car,1
11688,car,2
11690,car,1
11695,car,2
11728,car,4
11732,car,2
11736,car,1
11770,car,3
11773,car,3
11776,car,2
11777,car,3
11777,truck,1
11778,car,1
11788,car,1
11788,truck,1
11805,car,1
11821,car,2
11826,motorbike,1
11829,car,1
11851,car,5
11867,car,1
11879,car,2
11879,person,1
11880,car,1
11881,car,2
11885,car,1
11887,car,1
11912,car,5
11923,car,2
11927,car,1
11931,car,1
11932,car,2
11940,car,1
11947,car,2
11952,car,1
11962,car,2
11963,car,1
11970,car,1
11980,car,1
11981,car,4
11997,car,3
12001,car,3
12002,car,3
12004,car,2
12005,car,1
12022,car,1
12046,car,1
12048,car,2
12067,car,2
12070,car,1
12075,car,1
12099,car,2
12113,car,2
12127,car,2
12133,car,1
12134,car,2
12139,car,1
12148,car,1
12172,car,1
12175,car,2
12177,car,1
12193,car,1
